name,c00_infant_mortality_educ,c00_neonatal_mortality_educ,c00_perinatal_mortality_educ,c00_preterm_birth_educ,c00_sga_educ,c11_class_foreign_born_parents_educ,c11_class_havo_test_educ,c11_class_income_above_75th_educ,c11_class_income_below_25th_educ,c11_class_income_below_50th_educ,c11_class_language_educ,c11_class_math_educ,c11_class_reading_educ,c11_class_size_educ,c11_class_vmbo_gl_test_educ,c11_class_vwo_test_educ,c11_havo_final_educ,c11_havo_test_educ,c11_language_educ,c11_living_space_pp_educ,c11_math_educ,c11_over_advice_educ,c11_reading_educ,c11_under_advice_educ,c11_vmbo_gl_final_educ,c11_vmbo_gl_test_educ,c11_vwo_final_educ,c11_vwo_test_educ,c11_youth_health_costs_educ,c11_youth_protection_educ,c16_havo_income,c16_living_space_pp_income,c16_secondary_class_foreign_born_parents_income,c16_secondary_class_income_above_75th_income,c16_secondary_class_income_below_25th_income,c16_secondary_class_income_below_50th_income,c16_vmbo_gl_income,c16_vwo_income,c16_youth_health_costs_income,c16_youth_protection_income,c21_hbo_followed_income,c21_high_school_attained_income,c21_living_with_parents_income,c21_uni_followed_income,c21_young_parents_income,c30_age_left_parents_income,c30_basic_mhc_income,c30_debt_income,c30_disability_income,c30_employed_income,c30_gifts_received_income,c30_hbo_attained_income,c30_homeowner_income,c30_home_wealth_income,c30_hospital_income,c30_hourly_wage_income,c30_hourly_wage_max_11_income,c30_hourly_wage_max_14_income,c30_household_income_income,c30_household_income_perc_income,c30_hrs_work_pw_income,c30_income_income,c30_income_perc_income,c30_living_space_pp_income,c30_permanent_contract_income,c30_pharma_income,c30_social_assistance_income,c30_specialist_mhc_income,c30_sum_gifts_income,c30_total_health_costs_income,c30_wealth_income,c30_wealth_no_home_income,c30_wo_attained_income
's-Gravenhage,0.54,0.46,0.39,6.99,13.79,34.23,46.17,26.24,38.64,56.26,55.43,42.77,66.16,25.0,71.13,18.31,47.01,46.98,55.34,29.6,42.31,12.2,66.22,6.27,71.08,71.91,20.02,18.58,811.0,0.95,47.54,31.8,34.57,26.5,37.59,55.48,83.96,22.46,997.0,1.82,50.29,77.51,74.08,19.51,0.84,22.4,9.19,15425.0,3.7,78.15,3.13,37.14,54.2,27227.0,56.67,20.05,7.68,22.94,80946.116,44.24,30.5,42761.414,45.16,38.5,67.5,67.28,6.61,7.0,2751.0,1220.0,64006.0,36779.0,15.32
's-Hertogenbosch,0.52,0.42,0.32,6.38,12.52,10.22,47.48,34.44,22.46,41.93,55.89,43.56,70.45,25.0,72.16,19.05,48.48,48.11,55.89,35.7,43.27,14.13,70.87,7.48,76.23,73.05,19.7,19.5,710.0,1.12,49.07,37.9,9.37,32.3,21.74,43.09,87.32,23.22,975.0,1.89,53.41,80.59,72.48,19.37,0.45,23.3,8.1,12663.0,3.95,84.86,4.84,39.86,63.37,32666.0,52.49,20.49,6.28,20.94,87611.452,49.25,30.8,46622.594,49.04,45.1,68.75,61.55,2.62,5.92,3204.0,1137.0,80508.0,47841.0,15.72
Aalten,0.54,0.49,,6.17,9.41,2.1,47.34,12.63,23.9,60.34,55.64,40.63,70.33,23.0,73.02,18.0,43.14,48.46,55.28,39.7,39.44,8.44,71.22,14.81,69.45,74.49,13.15,17.89,1028.0,,41.39,40.9,3.01,12.03,24.81,60.23,85.41,16.02,1109.0,0.71,50.38,85.74,73.76,10.75,,23.4,5.75,12504.0,1.9,90.14,6.89,39.95,77.51,24440.0,47.47,19.95,5.09,17.99,88175.037,48.93,31.1,46742.848,49.32,51.1,76.92,54.42,1.26,3.92,6264.0,1107.0,83962.0,59522.0,13.78
Achtkarspelen,0.53,0.49,0.38,7.32,8.42,0.55,49.69,8.4,33.65,71.71,53.54,47.92,68.01,22.0,75.66,19.03,38.85,49.39,51.85,38.7,46.3,5.0,67.22,23.36,66.31,76.24,10.92,18.71,543.0,1.01,34.65,42.1,0.94,10.3,33.17,68.48,85.05,12.07,871.0,1.76,45.09,83.3,73.21,10.56,0.98,23.4,6.16,10774.0,2.04,87.89,3.44,33.51,75.25,26382.0,50.16,19.2,6.15,22.37,79631.78,44.71,29.4,41915.271,45.09,51.2,70.45,58.72,2.24,4.91,1824.0,815.0,76640.0,50257.0,10.44
Alblasserdam,0.45,,,5.95,8.68,3.39,45.6,21.16,18.26,48.58,57.21,43.2,73.38,26.0,73.27,17.82,45.79,46.79,57.7,26.1,42.97,11.22,72.96,13.83,77.06,74.18,17.06,18.26,626.0,,45.67,28.6,6.46,23.12,19.38,46.68,88.43,19.0,847.0,0.9,46.61,85.85,82.42,13.0,,24.0,5.87,14389.0,4.15,84.72,3.54,34.51,73.67,20731.0,47.77,20.97,4.14,14.93,90376.475,52.03,31.1,46600.364,50.1,39.6,74.65,61.23,1.42,4.35,1976.0,910.0,72287.0,51556.0,12.04
Albrandswaard,0.53,,,7.04,13.06,8.68,50.48,43.49,12.98,28.92,61.33,45.9,73.99,25.0,76.62,21.41,51.25,51.04,60.61,37.8,45.68,13.39,73.58,8.74,82.71,77.12,21.13,22.0,708.0,,53.69,39.3,17.89,30.11,22.54,42.52,91.83,22.0,877.0,,58.08,85.22,81.42,18.78,,23.9,6.42,17493.0,1.54,90.36,8.24,47.49,78.87,26262.0,55.31,23.01,2.61,11.26,102165.547,58.59,32.3,56257.727,58.85,46.3,72.43,61.03,,4.89,6825.0,916.0,96703.0,70442.0,19.41
Alkmaar,0.63,0.54,0.52,6.41,10.12,9.19,50.83,24.31,22.14,47.63,58.48,46.39,77.28,25.0,75.27,20.61,47.79,50.54,57.47,31.4,45.3,10.19,76.85,11.0,74.9,74.8,20.26,20.48,701.0,1.31,48.28,33.0,7.66,26.01,20.39,45.87,86.98,20.6,820.0,1.81,51.12,82.14,75.5,18.22,0.58,23.2,7.69,14747.0,3.53,84.86,3.78,41.93,66.5,27536.0,50.05,20.59,5.67,18.53,87318.861,49.32,30.8,46524.561,49.67,43.3,70.39,56.58,2.07,5.01,2341.0,959.0,77697.0,50160.0,16.73
Almelo,0.53,0.39,0.38,7.74,11.87,11.32,42.13,14.67,33.56,62.73,53.61,38.83,63.88,23.0,68.91,15.77,39.2,42.41,52.77,33.5,37.71,9.21,63.35,15.55,66.54,69.21,14.47,15.54,743.0,1.83,38.43,35.9,9.67,16.87,29.56,59.04,81.24,12.86,1225.0,2.15,49.69,80.74,71.23,13.06,0.77,22.7,9.44,13930.0,4.9,79.85,3.42,37.07,66.24,15767.0,54.34,19.44,7.91,24.96,81550.019,44.17,30.4,42579.141,45.08,46.6,67.82,65.94,4.54,7.07,2098.0,1169.0,58878.0,43112.0,13.55
Almere,0.57,0.47,0.41,7.5,12.92,25.53,44.02,20.36,29.77,54.33,54.14,42.59,68.42,25.0,69.8,16.52,43.9,44.22,53.28,34.1,41.55,11.33,68.21,12.65,67.86,70.29,17.84,16.52,871.0,1.05,42.65,33.6,26.34,22.01,27.97,51.78,83.86,16.49,1144.0,1.43,49.17,79.13,78.56,14.44,0.75,23.5,7.53,15712.0,3.23,83.57,1.76,36.78,67.29,27336.0,53.51,20.15,6.12,20.89,86133.755,47.99,31.6,46543.115,49.39,44.7,67.83,60.29,3.35,5.44,915.0,1122.0,60808.0,33472.0,13.44
Alphen aan den Rijn,0.46,0.39,0.32,6.48,9.29,8.64,46.47,26.69,18.14,44.68,53.23,45.86,69.35,24.0,72.16,17.92,50.24,47.24,53.15,31.5,45.59,14.56,70.05,7.75,79.48,73.85,21.25,18.53,751.0,0.78,51.62,33.5,7.84,28.43,17.63,43.32,89.4,21.85,935.0,1.02,54.84,82.72,77.52,19.22,0.41,23.4,6.73,13519.0,1.79,88.84,5.15,45.53,71.4,31723.0,48.91,21.53,4.03,15.19,95417.858,53.59,31.6,50713.662,53.93,43.6,72.99,57.82,1.77,4.81,3284.0,974.0,103510.0,71788.0,17.94
Altena,0.64,0.58,0.55,6.44,8.77,1.22,49.72,20.38,17.55,52.02,55.07,44.32,72.78,23.0,74.32,18.7,45.39,50.63,55.12,35.7,43.87,8.28,73.12,15.7,73.08,75.12,15.74,19.04,693.0,0.4,40.31,38.1,1.85,21.5,17.43,49.66,87.46,15.23,1004.0,0.76,47.86,87.35,80.38,13.74,0.37,24.5,5.66,14087.0,2.18,89.84,6.29,36.72,80.73,39261.0,47.09,21.02,4.21,15.54,94556.358,54.22,30.8,48985.745,52.04,46.7,75.83,59.46,0.75,3.82,6012.0,923.0,121213.0,81951.0,12.32
Amersfoort,0.51,0.5,0.44,5.98,10.96,11.71,50.99,37.25,18.92,37.84,58.41,45.99,74.89,26.0,76.71,20.75,55.03,51.56,58.02,36.3,45.06,16.25,74.9,6.66,82.25,77.14,25.58,20.82,661.0,0.82,54.75,38.3,11.09,36.01,18.86,38.54,89.14,25.45,1028.0,1.03,60.44,83.6,68.42,22.61,0.62,22.8,8.45,11837.0,3.19,84.97,4.38,44.84,64.05,38410.0,51.32,21.06,5.53,18.94,88919.129,49.98,31.1,47807.141,50.62,44.9,69.56,60.29,2.56,6.07,3060.0,1018.0,98272.0,59862.0,19.12
Amstelveen,0.34,0.3,0.24,6.73,13.01,13.44,63.35,50.02,17.77,31.36,69.47,54.54,83.21,26.0,85.13,28.3,66.77,64.45,69.6,34.5,54.28,12.59,84.32,4.88,87.53,86.42,34.5,29.14,651.0,0.39,69.25,36.5,11.87,46.45,17.53,32.4,93.07,37.03,906.0,0.54,70.64,87.32,73.53,35.43,,23.9,8.21,14178.0,2.04,87.41,9.93,53.93,63.58,76855.0,51.17,22.96,4.21,15.46,100369.973,55.07,32.0,53967.26,55.05,42.5,68.33,55.58,1.29,6.24,8091.0,841.0,147453.0,70599.0,27.72
Amsterdam,0.57,0.49,0.42,6.68,12.91,39.31,46.28,24.41,44.48,61.33,54.77,42.66,66.22,24.0,69.56,18.8,54.25,47.51,55.17,25.0,42.63,19.34,67.05,3.28,76.64,71.19,25.73,19.23,799.0,0.89,52.75,26.8,39.9,24.3,43.43,60.88,85.94,26.01,1110.0,1.5,50.78,79.07,76.02,22.35,0.58,22.9,9.83,14007.0,4.78,74.73,2.6,35.31,40.63,35497.0,55.17,19.53,8.21,25.37,76901.019,40.89,30.1,41012.857,42.87,35.1,62.82,62.4,7.83,7.43,2327.0,1228.0,83564.0,48067.0,15.34
Apeldoorn,0.6,0.55,0.52,6.11,11.21,5.74,49.42,26.28,20.61,46.74,58.53,45.67,73.69,25.0,74.05,20.4,46.71,50.0,57.69,32.7,44.57,11.52,73.72,12.51,73.63,74.75,19.53,20.55,657.0,1.48,45.89,36.1,6.45,27.4,20.75,46.27,88.06,20.67,1001.0,1.86,51.51,81.01,68.46,17.5,0.69,22.9,7.76,14575.0,2.57,85.93,4.47,44.26,69.91,28007.0,50.78,20.82,5.49,19.27,89977.038,50.62,31.0,47557.043,50.2,44.3,72.51,58.19,2.49,5.61,3466.0,1077.0,82154.0,54147.0,18.01
Arnhem,0.46,0.39,0.3,6.77,12.07,16.78,45.77,26.03,30.93,51.65,54.91,39.82,70.97,23.0,72.12,16.97,48.7,46.13,53.84,33.3,38.72,16.69,70.45,6.62,75.35,72.39,22.38,17.03,777.0,1.28,49.42,35.6,15.44,26.0,29.25,51.49,86.59,22.08,1164.0,2.05,51.19,77.71,63.7,20.51,0.67,22.5,8.67,16352.0,3.53,78.96,3.19,37.98,56.69,17121.0,52.95,19.79,8.13,26.06,79964.144,43.43,30.5,42852.353,44.98,44.4,67.33,60.07,5.97,6.18,2031.0,1000.0,63451.0,46330.0,15.7
Assen,0.45,0.38,0.33,6.53,10.09,4.74,44.83,19.19,23.5,52.09,56.23,40.28,69.25,24.0,70.78,17.48,44.14,44.47,55.82,36.8,39.29,10.85,68.87,14.26,70.5,71.02,18.75,16.84,682.0,1.38,42.28,39.6,3.58,21.43,22.29,49.96,86.09,15.67,961.0,1.5,53.38,82.43,60.08,15.97,0.63,22.2,9.49,13437.0,2.32,83.05,3.54,45.49,65.56,20552.0,49.87,19.94,6.88,22.29,81246.787,44.91,30.2,43863.045,46.68,48.3,68.0,58.4,4.7,6.83,2229.0,1066.0,53520.0,32968.0,16.95
Asten,0.84,0.84,0.76,6.54,8.55,2.26,45.63,23.53,17.75,44.61,49.23,44.42,70.68,25.0,71.0,19.45,50.2,46.24,49.4,43.2,43.95,14.9,72.06,12.69,70.85,73.46,19.16,19.7,857.0,,47.93,47.5,2.0,23.61,17.85,49.07,82.61,20.56,968.0,,57.32,86.9,78.03,16.57,,23.8,6.32,17898.0,2.43,90.37,8.07,49.03,80.35,52649.0,50.78,20.94,4.52,17.75,94359.672,54.03,31.0,48954.803,51.94,55.0,73.9,56.81,1.36,4.77,5021.0,1144.0,135259.0,82610.0,19.75
Barendrecht,0.5,0.38,0.31,6.41,11.94,12.56,49.09,39.0,15.03,32.04,53.6,45.17,72.24,27.0,74.01,19.18,49.23,50.52,54.18,34.3,44.83,13.63,72.12,8.98,77.84,74.96,22.93,20.44,792.0,,51.56,35.7,16.48,33.7,20.9,39.53,89.29,23.1,950.0,0.46,56.33,86.86,82.35,18.38,0.32,23.9,6.99,13079.0,1.94,88.17,6.64,51.76,78.74,38292.0,51.49,23.32,2.99,10.68,100489.195,57.82,32.0,55612.63,58.04,44.7,76.05,62.42,0.9,5.33,5307.0,1182.0,108484.0,70192.0,22.01
Barneveld,0.66,0.58,0.51,5.16,7.56,2.66,47.7,16.48,22.72,57.87,56.96,43.73,72.81,24.0,72.8,19.26,39.55,48.28,56.21,29.3,42.85,8.34,73.18,21.13,69.06,73.25,14.37,19.46,598.0,0.73,38.92,31.6,1.95,17.1,22.74,56.64,86.3,14.75,836.0,0.46,45.82,86.14,76.05,13.06,0.98,23.7,5.96,9715.0,2.01,87.12,5.35,34.42,79.93,53712.0,44.51,20.76,4.38,16.25,91875.072,52.73,30.7,46922.342,49.79,42.0,71.56,54.97,1.1,4.45,3543.0,766.0,148613.0,94901.0,11.1
Beekdaelen,0.6,0.55,0.47,7.87,12.2,2.02,54.9,26.11,20.16,44.59,61.76,53.71,76.39,26.0,79.59,24.53,48.3,55.18,60.12,48.8,52.57,7.63,76.33,15.17,76.7,80.53,20.31,24.77,1053.0,,50.36,51.0,6.3,20.9,28.24,53.53,86.77,22.63,1111.0,1.07,58.21,84.26,74.25,20.3,,23.5,7.05,13019.0,3.09,87.8,6.99,53.5,76.27,26108.0,49.81,21.12,5.52,19.13,92171.801,52.52,31.3,48783.818,52.1,57.4,70.99,63.85,2.33,4.99,3825.0,1111.0,80091.0,53983.0,22.6
Berg en Dal,0.45,0.41,,7.31,11.28,2.03,49.74,24.98,18.33,45.42,57.6,45.15,73.14,26.0,75.88,20.18,42.99,51.41,57.19,38.7,46.05,7.42,74.27,14.1,69.65,77.57,17.18,21.1,799.0,1.04,47.72,40.6,4.96,32.42,18.68,40.86,86.69,20.46,1028.0,0.83,55.58,85.79,71.17,20.41,,23.3,8.18,16997.0,2.26,85.1,6.65,44.51,68.97,23259.0,52.23,20.38,7.04,18.95,87700.459,49.82,30.9,45999.759,49.41,50.2,73.44,58.35,2.33,5.19,4539.0,1609.0,78120.0,54861.0,16.7
Bergen op Zoom,0.48,0.37,0.29,6.97,11.94,16.98,42.91,23.85,26.57,50.54,51.38,39.77,68.16,24.0,69.72,15.22,43.99,42.57,50.24,34.0,38.89,14.91,67.71,7.46,76.87,69.67,14.6,14.98,747.0,1.16,45.98,37.0,11.88,24.35,23.18,47.54,86.5,17.49,953.0,1.63,52.35,79.89,72.52,17.24,0.53,22.8,7.08,13113.0,2.81,86.32,4.24,43.39,70.61,26899.0,52.25,21.14,4.74,18.44,90063.043,51.22,31.5,48781.448,51.52,46.6,72.54,62.8,3.5,5.57,2585.0,1028.0,66353.0,39454.0,16.23
Berkelland,0.42,0.39,0.36,6.32,9.98,1.45,50.32,17.4,19.62,53.6,57.56,49.6,73.75,22.0,77.78,18.7,43.38,49.38,56.51,38.2,48.02,8.61,73.31,19.47,70.66,77.93,13.79,17.86,605.0,0.9,37.12,41.3,2.55,17.46,21.82,54.12,86.18,13.6,890.0,0.95,51.49,84.27,69.9,13.54,,23.1,6.74,11268.0,1.86,88.91,6.78,43.44,72.8,29978.0,46.99,20.17,4.84,19.71,86033.653,49.41,31.2,45883.386,49.27,50.8,74.63,56.03,2.34,4.6,4260.0,978.0,88648.0,58670.0,15.01
Bernheze,0.5,0.43,0.43,7.75,10.21,1.61,48.53,25.99,13.04,42.01,59.06,52.32,73.45,26.0,75.74,19.12,45.51,49.7,57.02,38.3,51.77,8.31,72.68,14.08,72.72,76.87,16.78,19.54,747.0,0.83,45.18,40.5,5.4,25.99,17.28,44.65,88.39,19.18,974.0,0.64,58.91,88.81,80.61,17.67,,24.3,5.68,13555.0,2.56,91.82,12.13,48.75,79.38,54069.0,49.3,21.4,5.14,15.5,96348.376,56.09,31.7,50611.509,53.88,51.1,76.22,58.76,1.06,3.9,8807.0,861.0,139160.0,85091.0,18.03
Beverwijk,0.62,0.45,0.45,6.15,13.0,10.86,41.35,22.92,21.5,48.22,53.78,40.44,65.28,25.0,67.24,14.96,42.61,40.92,54.12,30.1,40.02,13.24,64.98,8.87,68.75,67.15,15.38,14.53,629.0,0.6,41.14,32.1,10.83,24.51,20.52,46.09,87.15,16.56,933.0,1.49,46.33,80.5,84.52,13.61,0.67,23.8,7.68,11281.0,3.5,85.63,3.19,35.6,66.56,31581.0,53.4,20.35,5.38,18.51,88009.057,50.46,32.2,47324.811,51.02,43.4,74.27,60.21,2.44,5.62,1846.0,1165.0,76605.0,45024.0,13.49
Bodegraven-Reeuwijk,0.5,0.44,0.44,5.08,7.64,5.91,50.47,26.7,16.98,44.19,58.25,51.44,72.54,24.0,76.03,21.56,49.91,51.06,58.79,32.3,51.74,11.53,73.2,13.45,76.44,77.35,21.99,21.82,702.0,0.79,51.73,34.6,7.59,29.44,18.07,42.72,88.94,21.45,807.0,1.31,54.93,87.29,78.43,18.59,,23.7,5.23,12836.0,1.4,89.59,7.45,45.84,77.08,46760.0,46.18,22.67,3.57,12.66,97725.941,55.73,31.3,51762.641,54.29,42.4,76.69,55.61,1.45,3.44,5957.0,746.0,143171.0,96412.0,19.6
Borsele,0.56,,,5.49,9.72,1.51,53.04,20.25,22.38,52.51,59.87,48.06,76.06,22.0,77.94,21.45,49.71,52.46,59.75,37.9,47.3,9.47,75.97,13.09,70.6,77.89,15.57,22.41,598.0,,46.26,40.1,2.78,20.48,21.3,51.23,87.07,17.51,1084.0,0.75,49.03,87.07,70.08,12.87,,23.0,6.9,9254.0,1.72,90.8,6.39,38.58,78.28,36988.0,47.2,20.79,4.4,15.17,93330.36,52.43,31.0,48615.557,51.98,46.1,76.9,59.05,0.93,4.67,4057.0,944.0,180987.0,143999.0,12.0
Breda,0.48,0.37,0.31,6.83,12.53,11.11,54.48,36.89,21.4,40.57,62.19,48.95,75.41,25.0,78.56,22.45,55.47,54.57,61.01,35.2,47.82,13.76,75.08,8.26,83.6,78.86,24.99,22.14,675.0,0.81,54.42,37.3,9.64,35.33,20.4,40.37,87.94,24.98,995.0,1.22,57.67,81.38,69.6,21.11,0.54,22.9,7.96,12975.0,2.82,84.11,6.07,44.79,65.41,35198.0,52.42,20.78,5.8,20.94,89231.326,49.74,31.2,47163.938,49.67,44.9,70.27,62.88,3.87,5.86,4855.0,1092.0,85100.0,49902.0,18.49
Bronckhorst,0.56,0.48,,6.84,9.23,1.66,48.73,17.91,20.66,52.17,58.3,45.29,75.01,23.0,75.72,17.48,42.74,49.84,56.74,40.0,43.42,8.74,74.66,20.3,74.05,76.32,16.3,17.32,624.0,,43.84,43.4,3.05,21.43,22.42,51.17,86.57,17.91,990.0,0.8,55.31,85.93,71.39,16.33,,23.9,5.32,11609.0,1.58,92.15,9.0,45.55,76.01,37375.0,48.18,20.64,4.61,18.75,92838.785,52.55,31.1,48288.892,51.19,50.0,73.77,56.24,0.79,3.42,4842.0,891.0,150806.0,113431.0,15.9
Brunssum,0.72,0.57,,8.36,13.77,5.13,40.61,11.15,35.74,64.13,49.77,42.93,63.32,25.0,66.33,16.28,39.83,42.26,50.33,39.4,43.71,12.11,64.37,13.14,67.49,69.02,18.73,17.88,683.0,1.27,41.94,42.7,7.95,14.46,35.87,62.81,80.99,17.46,885.0,1.5,46.25,78.56,71.55,12.85,1.03,23.3,11.7,13489.0,6.64,80.8,2.76,36.03,66.78,10073.0,52.53,19.31,8.52,26.32,77676.903,43.14,30.9,42591.094,45.32,53.9,73.52,65.68,3.42,8.55,1647.0,1237.0,44573.0,34500.0,11.9
Bunschoten,0.75,0.63,0.51,6.64,7.96,3.62,48.46,20.68,16.65,47.51,56.94,43.86,74.72,23.0,75.13,18.1,48.34,48.66,56.27,32.0,43.86,14.01,74.54,9.81,78.38,75.94,17.03,18.15,779.0,,42.84,33.7,6.15,24.0,18.06,46.52,87.75,12.39,966.0,,44.49,84.12,87.27,10.26,,24.6,5.58,9707.0,1.84,91.63,3.81,31.9,85.16,58568.0,45.44,20.29,3.53,17.8,97895.254,54.06,30.3,46553.915,49.8,41.6,75.47,58.57,0.68,3.67,3147.0,962.0,153639.0,95071.0,9.86
Buren,0.7,0.6,0.56,7.33,11.12,2.4,46.03,24.85,19.61,49.65,54.6,42.8,69.86,22.0,73.14,19.07,42.97,47.77,55.69,41.1,42.87,8.57,70.72,17.84,68.97,74.8,17.99,20.03,637.0,0.93,45.38,45.2,7.2,26.42,21.16,46.6,87.84,19.26,874.0,,49.36,87.02,73.44,14.37,0.85,23.9,5.96,11628.0,2.91,89.53,7.27,38.08,77.27,45746.0,49.49,20.73,5.02,18.91,97096.025,53.84,31.3,49328.764,52.4,48.7,72.58,57.19,0.94,3.92,4194.0,1022.0,138545.0,92799.0,14.24
Capelle aan den IJssel,0.69,0.56,0.48,8.5,13.03,19.85,44.18,25.88,28.78,50.9,53.55,41.78,68.48,25.0,70.79,17.99,44.98,44.55,52.72,29.5,40.9,13.06,68.53,7.5,71.72,71.27,19.06,18.13,683.0,1.25,45.71,31.3,19.05,27.5,27.38,48.89,84.73,20.41,857.0,1.55,52.68,79.79,79.9,19.17,0.76,23.8,7.07,15686.0,2.02,86.47,3.68,44.77,67.83,24404.0,52.34,21.47,5.36,16.92,92433.248,52.4,31.6,50573.659,53.13,43.3,70.47,62.24,2.92,5.41,2268.0,1057.0,67789.0,43385.0,17.91
Coevorden,0.44,0.4,,7.49,9.65,2.27,45.72,15.87,27.38,58.49,52.69,45.98,60.26,20.0,71.76,18.21,42.2,45.94,51.65,40.0,44.56,12.69,60.08,14.46,68.4,72.24,16.33,17.76,645.0,,42.34,43.2,2.44,15.12,26.8,60.86,86.74,14.38,1165.0,0.89,50.64,84.01,68.11,13.15,0.57,23.0,5.58,13124.0,3.22,86.02,5.33,43.49,74.52,23927.0,52.34,20.03,5.75,21.44,86669.029,48.84,30.9,45918.871,48.93,49.7,70.26,59.53,2.82,4.22,4097.0,1086.0,72830.0,48904.0,15.59
Culemborg,0.73,0.56,0.52,5.56,11.76,14.68,45.27,30.44,22.85,42.59,50.81,41.64,71.51,24.0,71.68,17.78,53.3,46.26,50.7,32.3,40.59,15.8,71.36,5.74,75.68,73.06,25.3,18.79,695.0,0.77,54.86,35.2,8.5,34.38,18.58,38.94,86.93,28.31,973.0,0.85,59.49,85.64,67.51,25.55,,23.1,8.14,14530.0,3.57,85.3,4.85,43.83,66.98,25835.0,53.46,21.1,5.04,18.35,90142.606,51.66,31.1,48677.704,51.58,45.2,69.74,60.74,2.71,5.64,3022.0,1101.0,80891.0,55056.0,18.27
Dalfsen,0.46,0.42,,5.37,6.72,0.77,49.12,20.75,19.37,51.62,58.25,44.31,74.09,23.0,76.11,18.32,46.46,49.77,57.25,36.9,44.55,11.05,74.12,11.59,74.36,76.8,18.12,18.68,737.0,,43.1,39.5,2.3,22.01,19.11,49.51,86.7,17.86,885.0,0.58,54.03,88.79,76.23,13.97,,23.6,5.69,11925.0,1.48,90.88,6.4,45.44,79.05,51513.0,47.45,20.5,3.79,15.92,91243.955,52.48,30.9,47798.082,51.66,49.1,75.4,53.73,0.95,3.55,3943.0,899.0,140582.0,89069.0,14.87
De Bilt,0.35,0.32,0.32,5.68,9.89,5.32,60.75,50.54,14.94,29.34,64.83,55.13,83.4,27.0,83.48,27.46,67.7,63.11,65.15,37.3,55.96,14.14,84.23,5.39,90.34,85.71,31.37,28.3,660.0,,66.69,40.1,6.54,49.61,15.81,30.21,92.0,38.5,1067.0,0.63,71.06,89.4,56.43,35.97,0.58,22.7,8.33,12278.0,2.2,87.69,9.55,55.38,68.28,60056.0,52.11,23.19,4.1,12.98,102311.206,56.87,31.6,55270.693,56.14,46.6,70.12,56.41,1.26,5.66,8232.0,880.0,158270.0,98214.0,28.79
De Fryske Marren,0.88,0.73,0.64,6.19,7.95,1.55,47.31,16.36,23.51,57.75,55.45,49.53,70.6,21.0,72.94,20.32,47.87,47.35,54.83,41.9,48.78,11.09,70.53,15.75,73.71,73.63,20.77,19.8,682.0,1.07,40.38,44.8,2.6,19.03,23.03,55.19,85.5,16.5,1088.0,0.76,51.59,86.16,67.41,12.42,,22.9,5.68,14430.0,1.64,88.41,5.51,42.69,73.41,24787.0,46.86,19.68,6.01,21.32,84771.213,47.5,30.3,43845.29,47.08,52.7,70.8,54.41,2.04,4.38,4045.0,1037.0,100701.0,75914.0,13.39
De Ronde Venen,0.4,0.31,,6.19,9.83,6.2,50.86,37.94,16.82,38.1,56.76,46.19,74.81,23.0,76.37,22.66,55.38,51.73,56.05,35.6,45.55,14.77,74.98,7.2,82.0,77.99,25.59,23.11,587.0,,58.14,36.7,8.81,34.94,19.18,40.33,89.4,26.21,1055.0,0.63,62.49,88.4,75.1,24.56,,24.0,7.5,12239.0,2.4,89.49,8.56,48.4,72.19,61176.0,49.02,22.11,3.8,13.45,100113.159,56.43,32.3,53443.05,55.88,43.9,71.2,56.12,1.29,5.28,8897.0,952.0,151678.0,90502.0,19.79
De Wolden,0.65,0.59,,7.0,8.19,0.64,45.44,19.09,21.63,56.4,50.23,40.84,68.16,22.0,70.01,14.32,42.61,45.78,50.0,45.4,41.11,12.66,67.65,12.88,66.8,71.82,18.22,15.8,664.0,,40.69,48.1,2.25,18.3,23.18,55.4,84.73,18.19,817.0,,50.47,87.32,71.1,14.36,,23.2,5.15,13212.0,1.77,90.57,7.22,41.53,79.69,31304.0,50.0,20.02,4.15,18.02,87877.728,49.86,30.4,46040.654,49.77,53.7,71.82,57.73,0.81,3.09,5305.0,875.0,89884.0,58580.0,13.99
Delft,0.61,0.51,0.45,6.87,11.99,20.31,51.37,34.34,26.38,44.57,59.27,47.09,72.28,24.0,74.93,22.99,54.96,51.25,58.41,30.6,45.73,16.48,72.14,5.39,78.25,75.56,27.36,23.09,846.0,1.25,53.15,32.5,17.64,35.03,23.51,42.17,88.04,27.37,1065.0,2.08,58.41,83.09,73.81,25.23,0.71,23.0,8.36,14121.0,2.32,86.81,4.35,43.19,65.31,32042.0,52.66,20.93,5.08,18.22,90590.697,51.08,31.6,48333.033,51.38,42.1,72.65,61.24,2.48,6.52,7508.0,1072.0,98319.0,66277.0,18.13
Den Helder,0.63,0.57,0.49,8.08,12.24,7.34,43.41,14.69,27.48,58.14,54.86,39.16,68.83,25.0,70.25,16.48,38.74,43.08,53.81,31.8,38.12,9.12,68.18,19.57,65.58,69.95,14.95,16.26,677.0,2.09,36.33,34.8,6.3,14.89,24.88,55.66,83.45,11.24,841.0,3.15,36.59,76.04,72.03,8.49,0.7,22.5,6.83,13972.0,2.63,84.46,2.44,32.6,70.56,11920.0,51.05,19.96,6.13,19.24,84483.626,47.6,31.3,46439.266,49.54,45.0,73.03,58.78,2.81,4.6,1240.0,1045.0,49864.0,37944.0,11.09
Deurne,0.8,0.7,0.49,7.1,10.37,2.94,45.28,19.84,22.86,56.07,48.66,40.99,69.38,25.0,72.52,16.19,40.61,45.07,47.96,42.7,40.12,6.77,69.22,13.71,66.42,71.66,13.15,15.22,605.0,,39.34,46.0,2.6,17.65,21.18,54.4,86.02,16.46,998.0,0.66,51.54,87.33,78.97,14.57,,24.2,5.77,11696.0,2.83,89.21,8.6,43.79,77.7,40933.0,52.83,20.65,6.26,17.33,91383.444,52.58,31.0,47887.697,51.36,54.3,74.41,60.04,1.29,3.63,7518.0,1008.0,144162.0,103229.0,14.76
Deventer,0.54,0.44,0.4,7.0,11.87,9.37,45.88,23.06,24.25,50.61,54.06,47.23,67.75,25.0,70.52,19.56,48.64,47.15,53.93,33.6,47.16,15.43,68.06,9.02,73.05,71.82,20.76,19.93,675.0,1.08,45.54,36.6,9.48,22.84,24.51,51.27,85.79,21.2,876.0,1.28,51.01,81.19,66.91,17.47,0.79,22.5,8.3,13398.0,4.0,82.37,4.47,41.44,64.29,25806.0,51.87,19.8,6.33,21.66,84133.866,46.79,30.4,43811.862,46.67,44.0,69.16,61.67,3.18,5.65,2393.0,951.0,71883.0,46076.0,14.64
Diemen,0.65,,,6.72,14.41,28.08,45.06,30.8,31.63,50.08,51.81,42.73,69.09,25.0,69.34,17.91,49.61,44.95,49.72,27.9,41.67,15.6,67.51,3.33,72.3,67.66,23.58,19.15,655.0,,55.82,29.4,30.39,28.5,34.36,52.56,87.56,26.32,896.0,,60.97,86.31,79.22,26.36,,24.1,9.96,15487.0,2.77,84.39,5.65,44.46,60.6,49265.0,50.82,21.03,5.61,17.2,88910.3,49.24,31.6,48678.725,52.51,41.5,66.62,58.73,3.49,7.49,6152.0,1141.0,102658.0,53393.0,19.51
Dijk en Waard,0.45,0.38,0.32,6.29,9.57,6.42,47.01,21.28,19.06,47.63,55.61,43.12,72.79,25.0,72.03,18.46,43.1,45.72,54.0,32.1,41.85,7.68,71.99,10.14,70.2,71.37,16.28,17.79,703.0,0.9,42.62,34.6,6.47,21.8,18.85,47.21,85.17,16.24,903.0,1.53,49.38,82.36,79.39,14.32,0.67,23.5,6.62,14370.0,2.61,87.48,5.48,47.05,75.36,37157.0,48.57,21.35,4.8,16.25,93032.193,52.74,31.4,50063.396,52.87,44.8,74.18,54.23,1.43,4.23,3717.0,942.0,106750.0,69593.0,17.39
Dinkelland,0.57,0.52,0.48,7.47,6.75,1.14,51.49,20.23,16.61,51.77,62.25,49.16,73.44,25.0,79.79,18.66,53.47,52.88,61.4,39.4,48.17,10.29,72.36,13.9,73.86,80.51,20.39,19.57,606.0,,45.39,41.1,3.31,22.21,19.13,48.48,85.94,16.79,1678.0,,60.11,90.07,81.02,15.24,,24.5,4.39,11179.0,1.49,93.08,10.86,54.69,81.93,52818.0,51.34,21.17,4.37,15.25,96301.848,56.35,31.7,49869.662,54.03,53.2,74.98,58.33,,3.2,8947.0,910.0,173684.0,120866.0,18.38
Doetinchem,0.45,0.3,0.22,7.55,10.57,5.17,45.31,19.37,23.21,51.76,52.65,44.74,73.81,24.0,73.42,16.69,43.5,45.91,52.14,33.5,43.69,9.39,73.88,14.72,70.28,74.3,18.37,16.68,680.0,1.03,43.73,36.2,4.05,18.95,23.32,54.22,84.4,15.38,960.0,1.18,54.56,82.88,67.22,16.62,0.47,22.9,7.85,13847.0,3.14,86.5,4.99,48.2,70.42,24220.0,50.65,21.12,5.05,18.31,90135.753,51.19,31.1,47827.651,50.71,48.3,73.73,60.62,1.88,5.69,4601.0,1002.0,79825.0,55606.0,17.89
Dongen,0.47,,,8.37,12.77,4.48,45.95,25.74,15.13,44.62,55.8,41.17,70.93,25.0,72.36,16.93,45.53,45.45,54.58,36.3,40.24,14.55,71.69,10.3,75.19,72.83,20.44,16.8,763.0,,46.98,38.6,7.4,24.22,19.28,47.74,85.86,18.38,1099.0,1.29,55.12,86.86,77.69,17.22,,23.6,4.86,12864.0,2.13,90.51,6.11,46.58,77.46,31649.0,50.99,20.75,4.96,18.63,91038.291,52.43,31.9,49810.491,53.27,48.0,78.21,62.03,1.4,3.75,7303.0,1391.0,109250.0,77601.0,17.73
Dordrecht,0.56,0.49,0.35,6.67,11.43,17.26,41.18,21.99,28.82,51.94,50.51,39.69,63.74,23.0,66.55,15.56,42.77,42.17,50.28,28.7,39.27,14.72,64.41,9.02,74.15,67.77,17.38,16.02,643.0,1.5,41.73,31.2,16.2,24.73,26.78,50.14,83.73,19.35,1008.0,2.21,47.31,78.85,77.18,16.72,0.69,22.9,7.76,15340.0,3.49,82.65,3.54,38.31,70.68,19474.0,52.6,20.71,5.52,20.21,87521.775,48.91,31.0,46416.013,48.73,41.4,70.78,62.08,3.62,5.82,2220.0,1047.0,63902.0,44429.0,14.38
Drechterland,0.67,,,6.05,8.31,1.23,43.77,22.71,15.53,46.88,54.05,41.75,69.13,23.0,71.44,16.8,38.41,42.88,53.72,39.8,41.67,7.72,68.3,13.65,67.97,71.66,16.46,17.21,745.0,,45.56,41.6,3.35,20.98,18.61,49.02,86.29,17.76,828.0,1.16,50.86,88.52,77.67,15.09,,23.7,3.45,11979.0,2.0,91.1,9.54,46.41,83.2,51073.0,43.96,22.94,4.56,14.66,99750.53,56.38,31.7,54148.714,55.76,47.5,75.57,48.41,0.91,2.45,8885.0,770.0,188994.0,137921.0,16.89
Dronten,0.63,0.55,0.55,6.65,10.65,5.97,46.57,20.73,23.18,51.49,56.7,43.92,72.83,25.0,71.12,17.73,45.46,46.46,54.9,36.5,42.89,12.66,71.91,12.43,72.35,71.03,18.75,17.37,540.0,1.06,43.0,39.6,5.97,23.42,21.19,48.14,86.0,15.34,1000.0,1.31,54.19,82.88,66.59,16.03,0.55,22.3,6.49,16548.0,2.93,86.07,4.06,45.67,72.09,26906.0,50.59,21.14,5.51,18.32,91513.366,52.21,31.0,48070.386,51.09,48.6,70.23,58.25,1.8,4.42,2767.0,1114.0,109492.0,82586.0,16.14
Druten,0.68,,,7.69,9.68,4.44,49.5,24.61,16.61,41.7,58.56,50.75,68.01,29.0,74.47,19.23,55.01,51.23,59.32,39.2,50.95,13.57,68.43,8.42,77.56,75.38,25.55,20.19,687.0,,50.12,41.3,4.65,25.02,17.92,44.55,87.91,23.48,848.0,1.06,55.61,86.47,72.19,18.15,,23.7,9.31,13378.0,2.5,86.95,4.43,45.63,73.29,28141.0,50.62,21.38,4.18,16.58,90686.334,51.65,31.6,49422.332,52.37,50.6,71.56,61.98,1.82,7.15,2380.0,1455.0,72513.0,44372.0,14.64
Edam-Volendam,0.55,0.41,0.38,4.97,8.7,2.83,49.32,23.84,12.68,45.14,57.84,46.68,67.79,26.0,75.71,18.95,44.39,49.3,57.27,35.1,46.64,10.32,68.26,9.04,73.49,76.23,15.19,19.28,729.0,,47.01,36.9,4.11,24.17,15.28,43.27,87.81,19.92,1147.0,0.59,52.85,87.47,89.46,19.94,,25.4,5.81,12548.0,2.62,91.37,8.02,36.13,82.54,61580.0,52.72,21.74,3.18,15.85,101775.043,57.09,30.0,52115.96,54.21,48.3,72.19,61.0,0.62,3.96,5285.0,1098.0,189753.0,128173.0,15.47
Ede,0.62,0.55,0.5,5.86,9.14,7.08,49.63,20.69,23.37,52.86,56.8,44.48,73.22,24.0,73.99,19.8,48.54,50.18,56.18,31.0,43.63,11.49,72.92,13.21,74.72,74.54,19.52,20.27,657.0,0.71,45.43,33.7,7.11,23.13,22.2,50.12,86.77,18.1,937.0,1.26,51.54,85.16,72.37,17.26,0.72,23.3,6.37,13388.0,2.39,86.7,4.76,39.01,74.03,40553.0,45.71,20.78,5.29,17.85,91265.128,51.61,30.6,46511.136,49.57,41.9,72.23,55.98,1.53,4.19,2766.0,888.0,125220.0,84667.0,14.17
Eemsdelta,0.87,0.76,0.59,6.72,11.96,4.87,42.72,12.39,31.76,63.91,55.81,40.72,67.37,18.0,69.43,16.06,39.66,42.28,54.46,41.8,39.6,11.32,66.12,17.71,65.58,69.05,12.77,15.84,661.0,1.12,36.64,45.4,4.93,14.42,29.48,59.78,82.77,13.83,1031.0,2.31,43.74,80.43,64.66,12.12,0.99,22.7,7.66,15381.0,2.5,83.44,2.99,38.8,67.56,12336.0,50.55,19.45,7.11,23.86,79201.769,44.1,30.0,42872.111,45.59,53.2,69.1,61.82,4.77,5.06,2162.0,1029.0,46424.0,34088.0,13.8
Eindhoven,0.43,0.38,0.32,6.88,12.89,18.26,49.04,26.85,27.53,50.09,56.11,48.25,71.06,25.0,73.95,20.92,47.29,49.28,55.06,36.1,47.27,10.88,70.54,9.18,74.28,74.36,19.0,20.89,677.0,1.01,47.77,38.2,14.25,30.27,24.29,46.33,86.95,20.78,1047.0,1.51,54.16,79.11,73.31,20.51,0.52,22.9,7.88,14902.0,3.98,82.56,4.07,43.09,62.8,29257.0,54.46,20.59,5.77,21.23,87238.252,48.25,31.0,45907.866,48.36,48.4,69.99,62.64,3.64,6.28,2764.0,1191.0,89175.0,59918.0,17.41
Elburg,0.83,0.67,0.63,6.19,7.86,0.85,49.61,13.01,25.69,61.15,58.93,47.64,69.36,22.0,75.3,19.9,43.57,49.48,58.25,33.5,45.44,6.11,68.17,24.16,67.72,75.36,12.67,19.79,522.0,,36.25,35.4,1.17,13.85,24.87,61.57,81.81,15.36,839.0,1.07,46.17,85.41,75.35,13.92,0.73,23.6,6.82,15098.0,2.23,88.07,3.93,37.18,76.59,28510.0,48.66,20.37,5.35,19.04,88678.3,51.33,30.3,45805.98,49.33,45.0,75.06,58.62,1.18,4.52,2455.0,1001.0,72770.0,44260.0,12.59
Emmen,0.51,0.43,0.36,7.58,11.07,4.3,40.15,12.28,32.12,64.1,48.38,39.33,60.74,22.0,67.93,14.58,38.86,40.37,47.47,34.8,38.57,13.25,59.91,13.62,66.63,68.25,12.75,14.56,809.0,1.31,35.85,37.2,3.74,14.25,29.61,60.74,82.45,12.78,1098.0,2.06,45.41,79.6,69.53,12.35,0.62,23.1,6.48,15938.0,3.48,83.3,3.78,36.41,72.5,15189.0,53.51,19.07,7.63,24.98,80912.874,45.29,30.3,42093.329,45.15,47.7,67.56,62.64,3.87,4.86,2599.0,1055.0,50240.0,35051.0,11.72
Enkhuizen,0.72,,,6.12,9.11,5.07,36.57,17.15,22.51,55.08,42.17,34.52,61.94,25.0,63.57,13.0,36.87,36.51,42.73,32.9,34.36,17.68,63.09,11.15,66.76,64.92,12.71,12.7,503.0,,38.85,35.7,2.91,19.58,19.09,50.48,83.04,14.35,734.0,1.46,47.33,79.9,72.18,14.95,,23.0,8.23,12939.0,3.65,85.94,4.48,39.06,70.9,28764.0,49.69,20.44,6.41,17.78,86726.769,49.05,30.6,47094.877,49.95,45.6,71.63,53.75,1.87,5.73,3624.0,858.0,82492.0,53728.0,14.58
Enschede,0.49,0.4,0.36,8.05,12.38,14.84,44.31,16.39,34.96,62.12,52.21,42.08,66.83,22.0,70.41,16.32,42.63,44.96,51.72,31.9,41.23,13.62,66.85,12.09,69.79,71.33,17.32,16.42,816.0,1.73,39.84,34.5,16.13,16.19,34.77,62.39,83.17,15.95,1035.0,2.36,47.44,77.26,69.09,12.43,0.77,22.2,8.36,14868.0,3.65,80.66,2.98,38.54,66.12,18480.0,52.58,19.32,7.62,26.67,79055.638,43.2,30.2,41162.927,43.78,44.2,67.92,61.91,4.4,5.77,1959.0,1158.0,52911.0,34430.0,14.7
Epe,0.75,0.63,0.59,5.45,10.74,4.2,48.6,18.57,25.61,56.58,56.96,44.3,73.01,23.0,74.23,21.53,41.99,49.02,56.06,50.1,43.43,9.15,73.1,18.29,69.6,74.77,17.73,21.14,606.0,0.97,43.17,55.4,3.5,22.07,22.56,52.51,85.68,19.71,1019.0,1.32,49.09,83.79,72.66,16.51,,23.6,6.36,12039.0,2.06,88.32,6.74,39.33,72.02,38983.0,49.65,19.81,5.7,22.2,88202.059,49.69,30.9,45539.057,48.77,49.4,72.69,57.47,1.63,4.62,4262.0,966.0,106834.0,67851.0,13.63
Ermelo,0.69,0.65,0.56,5.73,10.61,2.9,52.41,23.75,18.89,46.77,57.33,47.97,76.96,26.0,77.6,23.0,48.47,52.86,55.91,34.0,46.95,12.92,76.7,15.19,78.74,77.42,18.58,22.78,644.0,1.58,45.58,34.3,3.53,23.57,19.9,48.07,88.17,20.17,854.0,1.81,50.92,82.2,70.03,16.76,0.92,23.0,8.11,9995.0,1.74,84.62,4.92,41.8,71.91,43788.0,47.45,21.02,4.65,15.64,90225.664,50.67,30.3,45882.908,48.83,43.8,72.01,57.54,1.44,6.37,3373.0,881.0,147917.0,104129.0,15.26
Etten-Leur,0.55,0.53,0.45,7.47,12.61,8.27,48.54,27.02,19.84,44.69,54.83,45.66,73.04,25.0,74.64,19.15,51.33,49.23,54.58,35.4,45.28,15.33,73.31,7.2,78.24,75.44,24.04,19.3,686.0,0.59,49.38,37.6,7.72,26.7,19.52,46.01,88.52,20.04,909.0,1.14,53.24,83.15,78.17,13.97,0.46,23.8,7.23,11348.0,2.27,87.85,5.79,47.35,72.15,39597.0,50.53,20.99,4.55,15.54,92413.055,53.06,32.1,49721.788,53.36,48.3,74.8,61.09,2.17,5.26,4434.0,1039.0,100483.0,60886.0,15.81
Geldrop-Mierlo,0.3,,,7.64,11.81,5.84,46.35,28.51,21.38,47.14,53.35,43.17,69.48,26.0,72.17,18.67,47.9,47.66,52.77,38.6,42.62,13.26,69.69,8.25,77.05,72.05,17.43,19.65,656.0,1.04,46.53,41.6,7.03,31.73,20.3,43.63,87.07,18.98,927.0,0.81,55.05,82.39,74.53,18.77,,23.4,6.09,14843.0,2.9,87.17,7.44,46.23,72.38,30727.0,51.82,21.25,4.11,16.32,91121.564,52.09,31.7,48355.108,51.81,51.2,73.19,59.96,2.4,5.14,5013.0,1221.0,88252.0,57525.0,17.62
Gemert-Bakel,0.58,0.47,,6.71,11.03,2.28,48.13,19.44,19.13,50.63,57.63,47.26,71.07,23.0,74.76,19.79,46.22,49.62,57.96,42.9,47.56,9.98,71.66,10.41,74.67,75.87,18.67,20.55,547.0,,45.55,45.6,1.89,18.53,21.12,52.99,86.04,18.73,887.0,1.12,49.55,86.19,79.54,13.59,,24.3,5.74,16174.0,2.03,90.08,8.55,42.62,77.64,52429.0,50.81,20.5,4.12,16.99,90319.925,52.78,31.1,46850.047,50.7,53.8,76.36,59.12,1.37,3.89,5719.0,1544.0,144355.0,91926.0,14.88
Gennep,1.04,0.96,0.89,6.5,10.01,4.42,44.2,17.98,19.93,52.29,50.08,39.89,72.81,25.0,71.6,16.04,33.62,45.02,48.55,41.9,37.91,8.9,73.11,18.28,62.61,72.67,12.61,16.9,741.0,,39.4,43.4,4.48,20.68,20.5,51.17,85.39,13.79,1139.0,1.14,51.17,84.86,70.12,14.65,,23.4,5.94,12434.0,3.15,87.15,6.42,43.76,70.15,33151.0,48.24,20.25,6.85,20.55,86699.968,48.53,30.7,47384.518,48.85,51.2,72.01,58.67,2.3,4.0,4263.0,808.0,100174.0,67023.0,16.0
Gilze en Rijen,0.59,0.54,,6.42,12.56,6.74,42.92,22.42,20.96,47.92,51.09,39.83,68.26,25.0,69.33,17.43,46.92,44.86,50.85,34.8,39.89,16.15,69.04,10.58,76.0,70.12,19.93,17.96,586.0,1.44,44.47,36.9,10.18,26.34,20.4,45.69,85.35,18.25,1050.0,0.85,53.5,84.69,78.58,15.88,,23.8,5.13,14677.0,2.68,89.96,6.54,44.68,74.77,34118.0,49.52,20.88,4.55,16.02,94978.781,54.56,31.7,51231.644,53.13,46.2,75.92,58.22,2.68,3.57,5186.0,1103.0,86495.0,52378.0,15.39
Goeree-Overflakkee,0.47,0.38,0.36,5.45,9.47,0.77,44.9,21.85,15.8,46.13,56.44,40.93,67.41,22.0,71.48,15.78,41.49,46.3,55.87,35.2,40.42,11.06,67.57,16.88,73.3,72.49,15.02,16.64,972.0,,43.11,38.4,1.07,22.95,16.39,45.62,83.47,13.84,954.0,1.04,47.14,87.55,74.5,13.58,0.47,23.6,5.76,10956.0,1.68,89.6,5.62,35.57,77.17,32082.0,48.97,21.71,4.6,15.46,93583.815,54.58,30.9,49333.905,52.32,46.8,79.07,61.61,0.98,3.46,5497.0,1017.0,111656.0,79575.0,11.48
Goes,0.57,0.53,0.5,6.33,10.42,5.64,47.08,19.95,20.33,51.12,55.08,42.07,74.58,25.0,74.4,18.74,49.24,47.69,55.38,30.4,42.34,13.57,75.0,8.72,76.33,74.75,19.1,18.75,605.0,0.81,48.69,33.4,3.55,22.72,19.89,48.05,87.05,19.79,826.0,0.67,56.07,84.61,61.82,18.11,0.45,22.4,7.05,14188.0,2.08,87.29,4.48,44.21,71.94,24316.0,49.87,20.72,5.13,19.07,87864.264,49.76,30.7,47163.092,50.26,45.0,73.51,60.06,1.92,4.59,3519.0,968.0,82639.0,58323.0,16.18
Goirle,0.6,,,7.53,12.37,3.13,53.34,32.11,15.6,37.59,63.25,48.59,79.86,25.0,79.27,21.76,54.37,54.15,63.77,37.5,49.01,14.54,80.52,12.01,83.13,79.71,25.71,22.5,570.0,1.95,53.34,39.0,8.6,28.54,20.27,43.01,90.59,23.22,758.0,2.39,60.23,85.63,72.02,20.08,,23.6,8.44,13388.0,2.98,90.1,6.92,48.44,74.16,27272.0,51.0,21.17,4.65,18.6,94481.094,53.49,32.0,50547.968,53.74,48.1,73.25,58.55,1.31,5.4,3867.0,924.0,87928.0,60656.0,19.58
Gooise Meren,0.4,0.38,0.34,5.85,10.11,5.02,68.11,59.09,12.61,24.6,71.85,62.27,85.8,25.0,87.54,34.21,73.9,69.98,72.56,37.9,62.78,14.25,87.09,6.33,90.98,89.32,40.13,35.73,1206.0,0.65,73.05,41.8,5.19,55.03,13.38,26.48,94.09,42.89,1100.0,0.9,76.79,90.78,52.72,40.46,,22.5,8.11,14919.0,3.08,86.75,12.16,56.42,66.98,67659.0,52.53,23.78,4.08,13.63,105592.836,56.46,31.9,56144.563,56.6,42.0,66.17,59.55,2.19,5.8,11792.0,947.0,187493.0,119834.0,31.74
Gorinchem,0.83,0.68,0.65,7.06,11.35,13.82,45.15,25.69,23.48,49.32,54.39,45.34,72.02,24.0,70.13,17.87,47.71,46.85,54.91,30.3,45.0,13.01,73.64,7.76,77.01,71.92,19.34,19.05,545.0,1.19,47.27,33.3,8.83,25.14,19.7,46.55,87.27,21.54,873.0,1.75,54.9,82.04,73.29,20.54,0.72,23.3,7.94,15063.0,4.06,83.11,3.52,35.62,61.61,18670.0,49.82,20.07,6.73,20.79,87294.977,48.55,31.5,45342.587,48.28,42.9,71.2,63.9,2.8,5.37,2256.0,1169.0,65664.0,46994.0,14.32
Gouda,0.4,0.37,0.31,7.01,9.93,19.12,49.28,28.47,25.51,47.29,58.24,45.37,71.96,25.0,73.44,22.2,52.73,50.89,59.04,27.4,45.37,13.08,73.34,7.58,76.36,75.02,23.48,22.97,752.0,0.95,51.65,30.5,14.69,29.65,22.52,44.97,87.03,24.09,868.0,1.86,56.44,82.68,71.45,23.03,0.36,22.9,7.78,16135.0,2.73,83.87,4.27,43.42,66.44,26475.0,52.09,21.66,4.59,15.63,93078.722,51.65,31.3,48917.02,51.71,41.4,72.76,60.63,2.81,5.59,2514.0,1111.0,84126.0,57651.0,19.56
Groningen,0.68,0.57,0.5,6.36,10.99,7.86,53.52,26.92,28.57,50.11,59.78,48.55,76.19,24.0,77.02,22.54,54.3,53.91,59.17,36.3,47.81,12.52,76.1,10.23,76.11,77.66,25.81,22.98,627.0,1.11,53.19,39.2,6.59,27.61,26.09,48.61,86.91,26.7,936.0,1.61,56.05,79.9,56.19,24.12,1.04,22.3,9.17,15480.0,2.6,79.42,4.61,45.89,58.21,23231.0,50.67,20.1,8.13,23.99,78898.827,42.55,30.1,42946.69,45.12,46.5,66.1,59.42,7.29,6.85,3229.0,1013.0,68273.0,45042.0,20.73
Haarlem,0.53,0.44,0.38,6.07,10.75,13.84,53.15,37.87,22.81,40.82,59.22,48.83,77.2,26.0,76.72,21.84,56.47,53.51,58.81,30.9,48.09,17.83,77.36,6.83,82.51,76.86,28.57,21.6,639.0,1.07,58.18,33.1,9.5,40.89,18.84,36.28,90.77,29.34,896.0,1.55,57.45,81.7,72.46,25.9,0.39,23.0,9.21,11031.0,3.7,83.0,4.52,40.87,59.45,46820.0,53.35,20.57,5.75,19.98,86194.737,47.95,30.6,45433.5,47.8,39.7,68.27,60.14,3.11,6.51,2864.0,1120.0,86548.0,39728.0,17.55
Haarlemmermeer,0.39,0.31,0.29,6.97,10.86,10.37,50.31,35.82,14.95,35.56,58.79,46.55,74.37,25.0,76.12,20.05,53.39,51.32,58.34,33.1,46.16,14.81,74.6,7.22,81.2,76.93,22.87,20.4,883.0,0.42,53.2,34.8,11.91,34.86,16.93,37.24,88.17,21.87,1132.0,0.77,57.86,84.0,81.59,21.14,0.33,24.1,7.37,12620.0,2.73,88.13,6.37,45.54,73.5,50599.0,50.82,21.6,4.07,14.56,97902.261,55.23,31.8,51677.087,54.42,42.5,69.83,58.1,1.45,5.17,4735.0,897.0,119424.0,68825.0,18.76
Hardenberg,0.72,0.62,0.55,7.22,8.35,1.01,44.31,11.84,25.81,63.74,56.05,43.21,62.64,22.0,72.52,16.3,37.34,45.14,55.78,35.8,43.15,10.17,62.27,18.14,64.6,73.54,11.23,16.37,683.0,0.82,36.93,38.3,1.21,12.89,25.95,62.96,82.6,13.3,1194.0,0.95,45.1,85.88,76.63,9.73,0.42,23.6,5.71,11943.0,1.62,89.27,4.53,38.14,78.74,25597.0,49.16,19.73,5.64,21.07,88118.281,49.51,30.6,44304.065,47.85,47.0,73.81,57.98,1.28,3.59,2995.0,951.0,88218.0,62620.0,11.91
Harderwijk,0.62,0.56,0.52,6.2,10.12,10.74,53.51,23.26,23.06,50.37,64.83,48.04,75.66,24.0,79.71,22.36,48.85,53.64,64.95,31.8,46.95,10.37,75.73,13.03,77.41,80.71,19.3,22.64,739.0,0.64,50.33,33.7,8.94,25.04,22.54,49.11,85.38,19.82,875.0,0.65,50.57,81.76,72.83,17.24,0.52,23.4,8.63,12972.0,2.99,87.72,3.44,39.05,68.33,34325.0,49.13,20.3,5.4,20.78,88562.672,50.11,30.9,46471.768,49.31,52.5,71.83,59.17,1.91,5.48,2355.0,986.0,75802.0,41476.0,15.1
Hardinxveld-Giessendam,,,,6.52,8.05,1.8,51.0,16.83,18.17,54.21,60.55,46.9,74.57,26.0,76.54,22.21,45.59,50.41,58.93,27.0,46.13,6.97,73.98,18.44,75.19,76.44,16.0,21.79,562.0,,38.92,28.5,3.63,20.53,19.43,50.85,87.58,13.67,895.0,1.09,43.67,87.68,85.22,9.6,,24.2,4.73,10521.0,2.75,87.69,4.73,33.05,84.16,38911.0,43.2,20.9,5.12,15.26,92187.334,54.02,30.3,47609.097,50.96,41.3,75.24,56.37,,3.27,5471.0,923.0,177974.0,139063.0,11.27
Heemskerk,0.5,0.44,0.34,5.97,10.02,10.61,44.32,26.21,21.34,43.44,52.7,40.63,68.36,26.0,69.46,16.61,44.85,45.71,52.77,30.7,40.44,12.36,69.8,9.08,72.29,71.25,19.46,16.75,726.0,,42.97,31.9,9.16,26.92,18.67,43.2,86.99,17.76,1115.0,1.49,49.8,82.16,83.49,16.11,0.67,23.7,7.85,11784.0,2.51,87.76,4.13,40.06,70.55,41622.0,51.78,20.47,4.95,18.24,91680.394,51.95,31.4,49295.409,51.32,41.9,72.42,57.74,2.56,5.28,2440.0,1092.0,83181.0,41559.0,15.48
Heerenveen,0.7,0.5,0.38,6.88,8.87,4.11,50.86,24.8,21.84,49.14,57.99,50.36,72.2,24.0,76.35,22.71,52.61,51.28,57.57,38.6,49.88,11.04,71.91,12.09,76.21,76.87,25.48,22.81,551.0,0.85,46.72,40.9,3.14,21.96,21.91,51.17,87.18,19.19,921.0,1.71,53.18,83.87,66.25,16.34,0.44,22.6,6.89,15503.0,1.77,87.19,4.35,45.04,70.01,24182.0,50.89,19.91,6.28,22.71,85635.224,47.89,30.4,45288.403,48.54,50.0,70.68,59.31,2.78,4.92,2239.0,925.0,69854.0,45671.0,16.88
Heerlen,0.59,0.43,0.34,8.37,15.54,12.22,45.24,12.93,43.3,68.99,54.84,45.48,64.16,25.0,69.23,18.85,37.75,46.08,53.75,37.5,44.52,7.12,64.9,18.16,67.77,69.71,14.89,19.33,686.0,1.94,39.24,40.1,8.86,16.36,35.81,62.36,79.77,15.19,1106.0,3.11,45.5,75.82,67.64,14.1,1.23,22.7,9.37,13396.0,4.99,80.23,2.91,37.65,63.25,13297.0,53.09,19.3,8.44,29.08,78642.171,42.6,31.0,42730.406,44.66,53.5,68.11,63.68,5.17,7.16,1546.0,1109.0,42900.0,29603.0,14.83
Hellendoorn,0.49,0.4,,5.98,9.18,1.63,51.83,15.88,20.06,55.59,60.43,46.76,74.68,24.0,76.77,19.5,43.16,52.93,60.14,33.6,45.86,6.99,75.36,20.2,72.0,78.83,16.24,19.87,659.0,0.92,43.71,35.3,2.72,18.5,20.56,54.24,84.93,16.06,1354.0,0.87,52.29,86.17,78.57,13.12,,24.1,4.81,13008.0,2.18,90.24,6.11,40.21,79.78,26753.0,48.37,20.02,5.86,18.8,90766.166,52.11,31.3,47017.421,51.1,46.7,75.85,58.09,1.2,2.85,5290.0,1193.0,107623.0,80870.0,13.51
Helmond,0.57,0.39,0.36,7.14,13.09,13.05,46.22,23.26,27.64,53.21,54.34,44.83,67.96,25.0,72.65,18.62,43.43,47.23,54.36,36.0,45.06,10.24,68.52,9.65,76.58,73.88,16.59,19.24,738.0,0.75,43.4,37.8,12.37,22.81,26.64,53.0,87.61,16.76,1090.0,1.48,49.17,79.35,76.74,14.41,0.46,23.0,8.21,14252.0,4.97,83.04,3.73,36.33,64.65,21577.0,53.42,19.67,7.18,23.4,85102.579,46.99,30.9,43961.125,46.87,46.7,69.67,62.94,3.08,5.6,2482.0,1284.0,59170.0,37592.0,13.35
Hendrik-Ido-Ambacht,0.43,0.37,0.34,6.79,9.47,4.88,50.17,28.9,16.59,40.22,58.65,47.8,76.07,27.0,76.07,19.36,51.95,50.39,57.21,29.2,47.6,16.5,75.62,9.07,80.78,76.22,20.3,18.77,791.0,,48.69,30.8,9.26,25.7,20.68,45.96,87.54,21.24,1106.0,0.76,53.36,86.52,82.94,17.17,,23.8,6.24,14767.0,1.77,88.36,4.47,45.62,80.32,27262.0,52.95,22.31,3.35,13.3,100913.979,56.56,31.0,51412.148,53.11,41.6,73.4,63.15,1.77,4.55,4731.0,1031.0,134446.0,107185.0,17.88
Hengelo,0.41,0.36,0.3,7.46,10.71,9.24,47.84,21.4,23.98,51.39,55.84,44.71,68.89,24.0,76.75,17.59,46.89,47.92,55.52,34.5,44.03,9.73,70.04,13.62,72.56,77.96,18.87,17.67,809.0,1.08,44.75,37.9,8.14,25.33,23.13,48.24,84.65,17.91,998.0,1.67,57.54,82.77,68.69,17.84,0.69,22.6,7.71,14864.0,2.97,84.53,4.15,48.31,68.21,21195.0,51.43,20.15,7.25,22.09,86293.959,48.58,30.9,45880.761,49.19,64.5,70.63,59.63,2.23,5.71,2704.0,1049.0,67574.0,46379.0,19.06
Het Hogeland,0.54,0.46,0.36,6.37,10.05,1.4,48.38,14.88,26.11,61.04,56.83,44.26,73.95,21.0,75.54,19.65,45.56,49.35,56.66,49.1,43.34,8.39,73.78,16.97,70.83,75.79,17.59,20.0,636.0,0.71,40.28,52.6,2.34,15.81,27.4,59.34,85.0,17.63,807.0,0.75,50.71,83.99,61.5,14.58,0.63,22.6,6.97,12023.0,2.08,86.75,3.69,41.78,71.47,18342.0,48.0,19.75,5.19,19.63,82624.425,46.21,30.5,43835.29,47.01,54.1,69.73,56.58,2.34,4.29,2201.0,845.0,86015.0,67673.0,14.83
Heusden,0.48,0.37,0.34,7.25,10.74,4.73,52.18,26.09,17.03,45.09,62.9,47.19,74.23,26.0,75.88,22.42,46.43,50.94,59.61,38.3,44.12,11.29,72.68,16.33,73.74,75.01,19.62,21.73,905.0,0.62,47.81,40.4,6.08,26.36,19.26,46.85,87.14,19.64,867.0,0.72,54.89,84.89,77.21,17.61,,23.8,6.72,12313.0,3.32,88.08,6.92,46.48,74.1,40720.0,50.48,21.17,3.99,17.16,95784.283,55.23,31.6,50813.503,53.7,48.1,75.19,58.24,1.52,4.56,4791.0,954.0,105855.0,65135.0,17.48
Hillegom,0.54,,,7.59,10.38,5.93,46.95,31.24,17.31,43.66,52.63,42.55,71.43,25.0,73.24,20.07,44.61,45.95,51.45,32.9,41.33,12.05,70.95,13.48,72.02,74.17,17.89,19.17,659.0,,43.96,34.6,4.84,31.1,15.33,41.46,85.26,18.13,1149.0,1.48,52.31,82.83,79.54,18.77,,23.9,7.69,19714.0,2.71,90.05,4.16,42.81,72.53,32272.0,50.86,21.1,3.33,15.88,92958.591,53.52,32.1,50167.138,54.11,44.1,75.0,60.45,,4.89,3037.0,877.0,86002.0,53729.0,17.38
Hilversum,0.64,0.54,0.5,6.0,11.19,11.0,57.02,41.83,20.73,36.61,63.17,51.99,74.72,26.0,79.36,27.0,58.94,58.01,62.89,33.7,51.41,15.98,74.9,6.72,83.8,80.31,29.48,27.04,854.0,1.0,60.22,36.8,8.45,42.71,19.28,35.97,90.36,32.5,971.0,1.17,63.69,85.98,64.36,29.52,0.52,23.0,9.1,12492.0,2.39,85.56,6.24,46.75,63.39,51260.0,52.56,21.44,5.17,18.69,94654.731,50.73,31.0,49023.17,51.14,42.2,67.56,60.64,2.5,6.24,7389.0,900.0,131666.0,80406.0,22.55
Hoeksche Waard,0.34,0.3,0.2,5.92,9.08,1.37,52.49,29.64,14.3,39.66,61.95,48.21,76.82,24.0,76.8,21.47,47.72,53.53,61.72,32.4,47.68,10.25,77.45,15.21,78.28,78.27,19.92,21.35,761.0,0.44,48.84,34.9,3.42,31.11,15.26,38.95,89.06,21.44,930.0,0.98,53.34,87.04,79.4,18.01,0.22,24.0,6.06,11961.0,2.49,88.93,5.64,43.49,77.9,29414.0,49.13,21.42,3.87,14.59,96470.317,55.42,31.8,51480.257,54.66,44.7,75.09,59.93,1.11,4.62,4397.0,1042.0,114429.0,85014.0,15.08
Hof van Twente,0.44,,,7.5,9.0,2.28,51.27,23.59,18.41,48.11,58.9,48.92,75.86,23.0,80.26,19.6,48.67,51.82,59.26,43.6,47.79,9.28,76.02,12.06,76.49,81.56,20.98,20.09,738.0,0.77,42.89,46.3,4.37,22.9,19.25,48.96,84.75,17.17,947.0,1.13,55.05,85.46,77.37,14.95,,23.8,5.93,12794.0,2.03,89.36,11.22,47.68,76.08,36341.0,52.0,20.54,5.08,17.89,91277.266,51.48,31.3,47637.42,50.72,54.2,72.38,58.63,1.5,3.9,9003.0,1060.0,115192.0,78851.0,18.65
Hollands Kroon,0.43,0.41,0.31,7.36,8.31,2.16,42.57,17.21,19.92,51.89,49.92,41.35,69.13,23.0,70.38,15.69,38.24,42.03,49.03,37.0,40.22,10.65,68.93,14.22,68.82,69.77,11.32,15.57,606.0,1.02,37.45,40.0,2.45,19.48,19.04,49.76,85.88,11.79,963.0,0.78,44.95,84.59,74.97,11.12,,23.2,6.51,20154.0,2.63,88.62,6.29,39.88,75.86,22635.0,47.68,20.63,4.33,17.84,90061.977,51.57,31.1,48645.337,52.07,49.0,73.28,54.37,1.17,3.92,4749.0,1153.0,94830.0,72196.0,13.47
Hoogeveen,0.42,0.36,0.32,7.88,10.13,2.79,45.85,10.7,32.13,65.92,54.33,44.48,67.95,22.0,71.89,17.82,34.92,46.18,53.82,35.9,43.96,6.07,67.95,25.18,61.77,72.77,12.74,17.78,758.0,1.08,30.16,38.6,2.77,12.38,31.18,64.68,78.72,9.84,1054.0,1.19,41.68,79.95,73.37,9.17,1.04,23.4,6.6,12890.0,2.8,84.47,3.17,32.71,73.17,17443.0,51.73,18.97,7.15,23.97,81601.407,44.94,30.0,41628.753,44.82,47.6,70.89,59.83,2.85,4.96,1716.0,1122.0,62761.0,45318.0,10.29
Hoorn,0.5,0.41,0.35,6.97,11.01,9.85,43.11,22.65,22.71,49.78,55.74,40.88,69.83,24.0,70.8,15.27,41.75,43.42,55.01,33.3,40.72,12.54,69.68,9.16,71.46,70.96,14.98,15.19,715.0,1.01,43.77,35.1,6.2,23.29,19.62,47.05,84.74,16.92,1014.0,1.48,49.36,81.45,76.7,15.96,0.43,23.0,7.09,12509.0,3.49,83.53,4.2,42.53,66.75,31246.0,50.04,20.92,4.98,18.6,88339.108,49.05,31.1,47447.121,50.11,45.5,70.53,55.84,2.29,5.31,1974.0,876.0,79634.0,48388.0,16.94
Horst aan de Maas,0.54,0.48,0.33,7.46,10.47,2.35,47.79,19.75,18.34,48.12,56.53,50.91,74.07,22.0,74.57,19.24,45.41,48.71,55.56,43.0,49.96,8.21,74.18,18.57,69.8,75.01,17.15,19.78,893.0,,44.89,44.1,3.17,19.9,18.27,49.66,84.83,18.49,1021.0,0.9,57.56,87.07,77.87,16.69,,23.8,5.99,9725.0,1.8,91.89,9.12,48.0,81.28,49857.0,49.15,20.6,5.49,17.56,93958.417,54.32,31.5,49002.302,52.65,59.1,74.7,55.87,1.11,4.61,6701.0,1016.0,142128.0,92271.0,17.83
Houten,0.51,0.44,0.38,5.66,9.29,4.13,51.67,45.19,10.36,27.65,57.31,46.76,77.4,24.0,77.29,20.49,62.08,51.74,56.15,34.8,45.14,21.54,76.45,2.94,84.89,77.05,30.5,20.55,651.0,0.45,64.74,37.7,6.86,40.47,13.79,31.88,91.74,33.5,1045.0,0.92,66.86,87.87,71.28,29.5,0.34,23.4,8.3,12006.0,2.42,90.08,7.17,54.92,73.39,54230.0,48.08,22.6,2.94,10.17,100203.876,57.56,32.1,53818.162,57.03,44.4,71.34,56.38,0.96,5.42,4118.0,934.0,114074.0,59843.0,22.64
Huizen,0.53,0.5,0.44,7.45,10.59,8.71,53.72,35.59,19.83,37.68,64.56,49.5,75.92,25.0,79.23,22.12,55.52,54.16,63.86,33.7,48.05,13.37,75.34,7.99,82.47,79.71,23.38,22.72,653.0,1.0,56.74,35.9,7.35,36.71,19.58,38.54,89.48,26.39,809.0,0.9,61.59,87.12,72.84,23.1,,23.5,9.3,13968.0,2.74,87.15,4.54,48.53,68.36,44707.0,49.6,21.79,5.33,15.77,96026.028,53.56,31.5,50843.412,52.88,42.1,71.13,58.94,1.79,6.29,4975.0,960.0,118006.0,73299.0,19.86
IJsselstein,0.51,0.41,0.38,6.33,10.62,9.01,50.91,33.25,15.86,36.8,59.75,48.33,74.59,25.0,75.82,20.75,52.36,51.26,59.73,33.4,46.92,14.42,74.44,7.1,76.91,76.43,25.04,20.89,654.0,0.54,50.98,35.4,12.03,29.98,18.23,40.38,86.65,27.06,984.0,1.32,59.17,85.51,76.79,22.72,,23.5,9.31,11937.0,3.47,86.19,4.95,45.42,68.31,36328.0,50.96,21.41,4.22,16.32,92733.227,52.91,31.6,49872.343,53.04,43.2,71.21,60.71,2.36,6.5,5563.0,1060.0,97033.0,60705.0,17.21
Kaag en Braassem,0.62,0.62,0.57,7.3,8.77,2.45,45.04,23.97,16.03,42.96,53.66,42.98,73.04,25.0,72.39,15.6,51.31,45.53,53.17,35.6,41.59,18.71,73.36,7.09,79.75,73.47,20.79,15.62,535.0,,52.13,37.5,7.37,31.65,17.67,41.41,88.08,23.59,892.0,0.74,56.96,85.88,81.45,19.11,,24.3,6.81,12541.0,1.93,91.52,6.68,45.41,75.29,47183.0,49.07,21.46,3.58,13.72,98131.605,56.55,31.8,51914.248,55.37,44.5,73.4,56.26,0.83,4.82,5716.0,772.0,126578.0,79395.0,17.73
Kampen,0.59,0.52,0.48,5.29,7.58,2.53,44.81,13.49,22.45,59.4,54.46,41.17,64.86,23.0,70.43,16.71,45.32,44.89,53.49,33.7,40.87,12.36,64.24,13.13,71.97,70.56,15.08,16.56,669.0,0.91,39.37,36.0,3.73,14.45,25.29,58.75,85.93,13.38,1097.0,1.5,48.01,84.26,74.42,12.83,0.69,23.0,6.53,13110.0,1.47,87.5,3.25,37.81,76.26,26032.0,45.65,20.24,5.31,19.15,84536.893,48.24,30.1,44890.851,48.08,45.6,74.18,56.1,1.84,4.11,1747.0,930.0,80835.0,54803.0,12.75
Katwijk,0.55,0.46,0.41,6.13,7.53,3.19,49.2,18.32,16.35,49.95,58.67,49.01,69.01,27.0,75.32,20.31,46.97,50.19,57.86,27.2,48.19,9.77,68.34,13.37,78.35,75.66,18.48,20.92,714.0,0.44,44.15,28.8,4.96,24.43,17.39,46.78,87.36,18.92,941.0,0.94,44.32,83.12,87.16,13.27,0.59,24.6,5.99,9945.0,1.83,90.15,4.72,29.38,80.33,48432.0,47.13,20.79,4.7,15.92,91392.486,52.98,30.9,47110.438,50.23,38.4,77.85,60.87,0.9,4.45,2864.0,826.0,128333.0,79901.0,10.51
Kerkrade,0.68,0.58,0.49,8.19,15.37,9.76,44.72,13.73,38.91,64.15,56.41,46.24,65.74,25.0,70.78,17.64,37.36,44.61,56.15,42.4,44.88,13.02,65.46,15.68,68.68,71.1,14.55,17.6,755.0,1.99,37.47,45.1,9.38,14.45,36.18,63.61,77.51,15.58,1127.0,3.96,42.73,75.65,74.01,12.17,0.82,23.4,9.1,13173.0,5.5,81.4,3.29,35.95,66.68,17271.0,52.48,18.85,8.76,27.82,79289.918,43.11,30.8,41374.432,43.98,56.9,72.35,65.54,3.78,6.71,2078.0,1149.0,62296.0,45025.0,11.85
Koggenland,0.6,,,7.19,7.54,1.69,50.0,23.69,15.27,43.7,59.27,45.69,73.7,25.0,77.34,19.34,39.94,50.05,58.76,36.9,44.63,7.22,73.83,23.19,69.51,77.52,13.22,19.63,569.0,,46.0,38.7,5.71,22.53,18.47,46.49,86.26,14.97,910.0,1.03,49.53,86.5,80.77,13.5,,24.0,5.14,9488.0,1.94,91.99,9.19,43.76,82.69,48240.0,46.71,20.91,3.6,14.81,93896.915,54.64,31.3,49066.52,53.12,47.2,73.97,49.33,,3.2,4603.0,656.0,151102.0,102862.0,14.42
Krimpen aan den IJssel,0.38,,,6.9,9.76,5.4,43.96,24.53,19.73,45.49,53.02,41.29,72.56,27.0,71.23,16.84,45.57,45.16,51.97,30.8,41.14,14.51,72.18,7.26,76.26,72.66,17.95,17.21,621.0,,43.76,32.7,7.81,27.29,19.97,45.2,86.62,17.68,852.0,1.01,50.86,85.83,79.99,16.9,0.67,23.8,6.54,12082.0,2.1,88.67,5.37,45.68,77.17,35600.0,50.47,21.69,4.59,15.37,96330.884,54.98,31.9,51067.127,54.44,42.1,75.38,56.95,1.29,5.2,4935.0,882.0,117042.0,81442.0,17.52
Krimpenerwaard,0.62,0.5,0.48,7.64,8.06,5.14,47.12,24.21,18.77,47.63,56.16,44.27,71.98,24.0,73.18,18.27,47.91,47.73,55.75,32.2,44.09,14.21,73.5,10.75,76.69,74.49,18.08,18.48,545.0,0.53,42.72,35.4,6.36,25.43,18.67,46.5,86.56,15.46,798.0,0.62,51.07,86.92,79.74,15.62,0.37,23.8,4.82,12723.0,1.25,89.72,5.91,42.51,78.04,39731.0,47.56,21.7,3.52,13.98,96885.795,55.84,31.0,50448.808,53.82,44.8,74.05,55.64,1.28,3.19,3885.0,923.0,136320.0,96589.0,15.14
Laarbeek,0.62,0.62,0.56,6.94,11.45,2.16,49.06,23.06,18.56,49.41,60.08,46.06,71.24,25.0,77.57,19.68,44.35,49.84,60.08,35.7,45.9,9.96,71.26,13.31,77.41,78.49,16.11,20.65,1068.0,,43.02,37.6,4.93,20.7,21.46,52.0,86.04,14.72,1095.0,,54.31,87.14,82.75,15.58,,24.1,7.49,10089.0,1.87,88.91,9.13,46.53,75.48,51870.0,51.44,20.83,4.36,16.87,92831.626,52.75,30.8,47643.426,51.34,50.7,74.6,59.56,1.72,4.84,5781.0,1100.0,211979.0,160109.0,16.63
Land van Cuijk,0.55,0.46,0.39,7.13,10.82,5.32,48.81,20.73,19.49,49.98,57.91,44.44,71.74,24.0,74.89,18.49,42.72,48.92,57.2,40.4,43.52,7.8,71.09,14.78,70.93,75.12,14.31,18.67,698.0,0.86,45.11,42.5,5.49,21.25,19.5,49.53,87.98,16.91,888.0,0.91,55.9,86.39,73.89,16.34,,23.4,7.27,13348.0,2.51,90.01,9.29,51.11,74.58,36780.0,49.17,21.22,4.79,15.69,96558.181,54.54,31.4,50133.071,53.27,64.3,75.28,57.1,1.25,4.49,7199.0,1001.0,114320.0,77540.0,19.73
Lansingerland,0.34,0.33,0.25,6.18,9.81,6.03,55.24,42.64,13.25,30.95,61.73,52.12,76.97,25.0,79.3,25.03,58.29,55.78,61.01,34.2,51.71,12.96,77.36,5.9,84.12,79.71,25.8,25.02,685.0,,54.32,35.9,9.22,39.6,15.72,33.79,89.6,23.82,1112.0,0.6,63.28,87.93,79.07,23.31,,23.6,5.71,12995.0,1.92,89.67,8.09,52.88,77.01,51164.0,50.78,22.75,3.42,12.07,102984.223,58.33,31.8,54399.264,56.72,44.4,73.59,56.49,1.19,4.11,10863.0,842.0,192447.0,141284.0,22.62
Leeuwarden,0.66,0.47,0.42,6.33,11.17,6.3,45.42,19.36,28.15,54.24,53.68,42.47,73.23,23.0,72.49,17.41,48.53,45.67,53.22,36.9,41.42,15.39,73.09,11.51,74.22,72.74,20.12,17.36,616.0,1.75,44.47,40.3,5.4,19.06,27.35,54.51,85.68,17.47,1046.0,2.33,52.73,80.67,61.44,16.44,0.81,22.0,9.35,17111.0,1.72,82.45,3.28,45.36,65.25,14718.0,51.6,19.78,6.15,22.65,79683.137,43.47,29.9,42438.719,45.16,49.4,68.42,59.82,5.89,6.88,1855.0,960.0,52142.0,37424.0,16.09
Leiden,0.43,0.38,0.36,7.01,11.6,17.84,54.71,38.32,24.2,41.81,61.8,51.85,76.29,25.0,78.09,25.52,59.27,56.29,61.42,27.6,51.15,15.2,76.96,5.07,83.05,79.91,30.16,25.75,692.0,1.18,59.08,29.6,11.13,38.5,19.95,38.57,89.05,33.41,824.0,1.32,58.87,81.26,69.0,29.44,0.44,23.0,9.69,14026.0,2.77,84.37,6.11,44.17,58.96,37077.0,52.5,21.2,5.29,19.51,89021.181,48.53,30.7,46928.281,48.9,39.8,71.38,61.98,3.86,7.32,4178.0,948.0,89943.0,52866.0,21.4
Leidschendam-Voorburg,0.31,0.27,0.25,6.73,11.62,13.27,51.33,45.24,19.76,34.47,61.27,48.43,74.83,27.0,77.03,20.39,56.89,49.76,60.88,30.0,46.72,18.45,74.03,5.07,81.19,76.59,26.29,19.46,725.0,0.91,59.24,32.2,16.35,42.22,21.72,37.53,89.42,30.41,898.0,1.04,62.5,82.83,69.75,30.49,0.51,23.3,7.69,13862.0,2.31,87.97,7.59,53.97,69.47,42633.0,52.47,22.83,3.89,13.61,99472.32,56.08,32.2,55263.943,57.45,43.2,72.01,61.25,2.12,5.41,5976.0,1072.0,103607.0,60974.0,25.25
Lelystad,0.9,0.78,0.63,8.28,14.21,15.53,40.93,18.25,30.39,55.78,50.5,38.29,65.82,23.0,67.95,14.54,39.72,40.79,49.11,35.4,36.81,13.02,65.41,12.4,66.92,68.07,14.28,14.39,732.0,1.08,35.44,37.1,16.64,19.35,29.39,54.37,81.29,12.57,1060.0,2.29,43.65,73.68,71.16,13.8,1.42,22.6,8.48,18164.0,3.58,81.25,2.08,35.49,63.91,13279.0,53.21,19.44,8.69,24.45,80943.751,45.19,30.7,43223.286,46.28,46.3,66.8,61.52,4.12,5.64,2355.0,1031.0,44256.0,30977.0,11.23
Leudal,0.73,0.65,0.61,7.86,11.18,2.04,50.82,23.46,16.02,45.07,59.38,51.39,75.04,21.0,78.5,22.34,47.38,51.8,58.9,45.5,50.94,6.54,75.75,15.7,78.94,79.43,20.08,23.18,827.0,,44.39,47.1,2.95,23.19,17.98,46.47,84.05,17.32,929.0,0.81,53.75,83.11,77.35,14.83,,23.5,6.1,11370.0,2.46,90.87,9.74,49.23,80.81,37872.0,49.49,21.05,4.32,15.67,92551.27,53.95,32.0,49836.466,54.2,55.7,75.87,58.15,1.08,4.05,6649.0,846.0,102883.0,65011.0,20.46
Leusden,0.51,0.43,,5.31,8.2,2.8,47.11,37.68,13.72,32.44,52.81,44.99,75.95,25.0,76.15,17.55,57.58,47.95,51.31,34.8,43.95,22.83,75.51,6.77,87.75,77.17,21.66,17.88,610.0,1.05,57.86,37.5,7.67,39.63,16.27,35.03,91.83,23.1,988.0,0.82,65.42,87.98,69.87,23.87,,23.0,7.88,13881.0,1.98,89.92,6.06,51.85,74.57,46002.0,50.24,22.51,3.0,11.93,100547.772,56.66,31.7,54114.162,55.79,44.8,71.98,56.73,1.13,5.63,3195.0,850.0,128689.0,82686.0,22.04
Lingewaard,0.43,0.35,0.32,5.68,10.31,2.29,49.81,28.79,14.2,40.9,56.46,45.68,74.17,26.0,76.1,17.07,50.96,50.39,55.89,37.0,45.03,13.31,74.03,10.63,78.29,77.43,19.47,16.97,643.0,,51.15,38.3,5.92,27.52,19.25,44.39,88.05,17.54,1006.0,0.52,58.48,86.81,72.48,18.58,,23.6,7.08,12733.0,2.46,89.33,6.57,48.98,76.46,33710.0,48.81,21.22,4.86,16.21,94142.443,52.72,31.6,49910.501,53.33,48.1,75.04,57.41,1.73,4.79,5999.0,932.0,118809.0,85099.0,17.93
Lisse,0.63,0.58,0.58,7.48,10.32,2.92,47.98,29.13,14.44,42.43,55.38,45.15,73.1,29.0,74.03,19.92,47.36,49.84,54.82,33.0,45.18,10.46,72.46,15.11,73.43,74.87,19.68,20.89,590.0,,45.69,34.9,3.21,30.22,14.5,41.5,86.28,19.85,800.0,,55.98,86.69,79.88,19.06,,24.1,8.38,12923.0,1.78,90.09,6.18,47.16,76.49,44196.0,48.18,21.39,4.84,15.3,97081.274,55.06,32.0,51396.422,54.82,42.6,75.22,53.18,1.27,5.25,4084.0,788.0,101965.0,57769.0,17.95
Maashorst,0.46,0.38,0.32,7.46,11.63,4.99,46.49,22.2,18.93,47.79,53.52,46.83,70.98,25.0,73.34,18.12,46.73,47.55,52.78,40.2,46.49,12.52,71.33,11.57,72.52,74.33,16.17,18.56,650.0,1.09,38.97,41.7,5.19,22.71,19.02,47.8,83.86,15.39,857.0,1.21,55.34,86.48,79.66,14.54,,23.9,6.91,12625.0,2.9,88.52,9.33,46.01,74.32,45392.0,50.17,20.96,5.13,16.74,93831.295,52.84,31.5,49082.306,52.23,51.6,74.12,57.05,1.4,3.75,8511.0,1073.0,128429.0,83037.0,16.49
Maassluis,0.53,0.47,0.43,6.92,12.32,19.0,42.78,24.53,28.2,50.53,53.8,41.37,67.57,25.0,67.86,16.97,39.35,43.37,53.68,29.0,41.1,12.02,68.61,9.12,67.34,68.46,15.16,16.78,634.0,1.52,38.34,30.9,15.66,25.29,25.42,47.48,83.64,15.37,1024.0,1.53,47.31,82.13,81.49,15.04,0.64,23.6,7.27,15277.0,1.82,86.6,3.06,42.23,67.31,18082.0,52.52,21.15,4.97,16.47,93209.112,53.04,31.7,50419.244,53.12,42.5,73.6,60.47,3.43,5.04,1906.0,1107.0,72233.0,54151.0,14.29
Maastricht,0.56,0.45,0.4,7.31,14.67,9.14,56.44,28.13,29.49,49.8,64.49,52.41,76.6,24.0,81.92,25.51,51.81,57.06,64.28,38.5,51.56,6.85,76.4,11.8,75.76,82.4,23.78,26.06,724.0,2.0,49.81,40.7,7.17,28.97,26.24,47.69,82.2,23.49,996.0,2.82,53.19,76.3,65.27,22.42,1.36,22.9,9.87,13107.0,5.52,80.44,4.39,43.07,60.97,27208.0,52.03,20.17,7.63,25.01,84212.906,45.52,31.7,44651.548,46.68,49.3,68.69,65.18,3.98,7.88,2591.0,1241.0,67043.0,39835.0,18.64
Medemblik,0.7,0.59,0.51,5.63,7.7,2.19,43.74,20.45,17.26,49.04,54.19,43.82,71.1,24.0,70.65,16.47,37.06,44.36,53.32,36.3,43.53,8.31,71.18,15.89,64.53,71.53,13.66,16.52,828.0,1.22,39.66,38.6,4.4,20.61,19.73,49.53,84.74,16.29,789.0,1.34,50.26,85.62,76.79,14.63,,23.6,5.45,12660.0,2.22,89.15,7.1,43.89,78.35,41951.0,46.43,20.66,4.43,17.31,91538.083,52.04,30.6,48016.241,51.13,47.4,72.94,52.6,0.97,3.71,4729.0,789.0,117515.0,75564.0,15.49
Meierijstad,0.6,0.51,0.39,7.43,11.7,4.51,44.59,22.24,19.13,49.56,50.98,42.5,66.4,25.0,70.81,18.47,43.8,44.85,49.79,42.4,41.83,11.88,65.71,9.24,68.97,71.23,18.77,18.47,693.0,0.93,43.4,44.3,3.9,24.12,18.66,47.63,85.65,18.3,914.0,1.45,55.66,86.85,77.29,17.78,0.31,23.9,6.78,13202.0,2.64,90.72,10.5,46.35,77.22,50411.0,50.4,21.2,4.57,16.52,95697.542,54.68,31.4,49863.921,53.29,65.5,74.17,59.86,1.26,4.25,8627.0,995.0,147667.0,97256.0,17.28
Meppel,0.86,0.66,0.63,6.66,8.83,5.04,41.83,23.32,22.29,47.78,48.44,40.43,58.4,26.0,70.2,14.09,46.09,42.07,47.9,35.7,39.08,18.01,57.9,7.38,72.19,69.97,17.78,13.88,739.0,0.94,48.09,36.9,2.55,22.92,19.1,47.9,87.04,18.06,825.0,1.04,55.06,82.3,62.44,17.23,,22.5,7.03,14348.0,2.32,85.22,4.95,44.16,66.3,20327.0,51.91,20.06,5.81,20.75,85789.395,48.7,30.3,45332.509,48.29,46.4,70.61,61.26,2.56,4.95,23645.0,1179.0,58009.0,37681.0,17.22
Middelburg,0.58,0.51,0.51,5.43,10.69,6.0,49.57,21.21,23.09,50.39,59.11,45.98,75.49,25.0,75.3,20.21,49.08,50.25,59.64,32.4,45.88,12.64,75.73,9.42,75.26,75.73,21.05,20.66,843.0,0.71,49.26,36.4,4.32,22.56,22.56,49.58,86.96,19.56,1094.0,0.86,54.15,83.63,60.8,18.61,0.94,22.5,7.58,13948.0,2.19,85.43,4.35,44.61,72.1,23033.0,49.37,20.87,5.26,18.05,87528.357,49.48,30.4,46955.032,49.82,44.4,73.49,57.43,3.53,5.58,2744.0,960.0,67495.0,44462.0,16.84
Midden-Drenthe,0.64,0.56,0.52,6.23,8.91,1.25,53.68,17.58,21.62,55.53,58.58,53.03,74.94,25.0,77.72,23.34,44.58,54.96,57.78,38.7,53.05,6.19,75.63,26.64,72.6,78.93,17.59,24.55,757.0,0.76,38.84,41.0,2.53,19.56,22.81,52.32,84.98,14.83,899.0,0.86,50.21,84.97,66.34,14.05,,23.0,6.17,13073.0,2.19,88.87,6.27,43.21,72.68,25453.0,47.96,19.77,5.11,18.98,84105.536,48.1,30.8,45084.686,49.13,50.9,74.25,57.52,2.14,4.39,4044.0,949.0,95682.0,70228.0,13.9
Midden-Groningen,0.58,0.42,0.32,7.43,11.46,5.17,45.25,16.33,30.02,58.95,53.29,43.42,66.68,21.0,71.54,18.29,42.94,45.59,52.33,39.7,42.18,8.8,66.75,15.37,68.75,72.31,15.71,18.07,723.0,1.61,36.12,42.8,6.88,15.66,31.31,60.81,83.37,14.41,941.0,1.88,43.27,77.82,65.83,12.23,1.01,22.9,7.24,13895.0,2.74,83.1,3.15,37.85,69.56,17163.0,52.01,19.19,6.88,24.67,78541.911,43.61,30.6,41935.461,44.93,51.3,67.61,60.51,3.87,5.19,1433.0,974.0,65531.0,48368.0,12.43
Moerdijk,0.52,0.45,0.45,6.57,11.1,3.55,50.1,26.56,15.6,41.97,57.07,44.42,73.66,22.0,76.38,18.65,45.01,51.71,56.76,37.6,44.1,8.15,74.68,16.22,71.7,77.19,16.11,19.1,650.0,1.12,42.56,38.7,6.84,25.51,19.13,44.93,87.09,16.42,1088.0,0.99,49.84,85.6,75.66,15.33,,23.8,6.6,13964.0,2.11,90.34,6.28,42.06,77.2,29892.0,50.4,21.01,4.0,16.47,95073.647,54.73,32.0,50172.061,53.36,48.2,74.92,59.31,1.37,3.85,5096.0,1009.0,100759.0,70867.0,14.51
Molenlanden,0.51,0.44,0.44,6.26,8.36,1.47,50.35,17.65,17.58,52.87,56.34,48.61,72.38,23.0,75.18,21.99,47.1,51.01,56.17,31.6,48.76,11.25,73.25,15.58,78.09,76.25,17.83,22.58,791.0,0.5,42.4,34.3,4.28,21.78,18.5,48.93,86.41,16.18,955.0,1.13,46.87,88.33,82.71,13.89,0.33,24.0,5.38,10450.0,1.97,88.84,6.68,38.29,78.89,47037.0,45.01,21.33,4.35,13.53,95480.314,54.84,30.6,49082.021,52.24,41.9,76.35,58.44,1.0,3.74,4705.0,987.0,178216.0,131179.0,13.7
Montferland,1.03,0.95,0.8,6.26,10.6,2.53,45.6,16.36,23.34,57.13,50.94,40.51,71.31,25.0,71.48,17.3,39.5,46.36,50.14,40.4,39.76,7.83,71.36,18.37,67.94,71.79,15.3,17.42,800.0,0.92,39.41,42.2,3.65,17.53,23.82,56.05,83.11,13.38,1270.0,1.25,52.64,83.76,76.32,15.63,,24.0,7.02,19652.0,3.25,87.84,7.44,41.03,74.15,24155.0,50.3,20.45,5.05,20.11,89825.471,51.18,31.1,46932.704,50.24,50.0,73.56,58.38,1.95,4.84,5213.0,1140.0,87215.0,63059.0,14.52
Neder-Betuwe,0.41,0.38,,5.32,9.96,1.7,46.71,14.83,24.97,60.44,53.88,45.15,74.12,23.0,74.35,18.16,39.01,46.76,51.62,31.5,44.63,6.49,73.83,22.24,66.48,74.01,12.2,17.33,491.0,0.99,36.23,34.1,2.68,16.22,25.22,57.89,85.8,10.26,796.0,1.23,35.41,85.21,79.44,8.5,1.4,23.9,5.4,11094.0,1.91,87.42,5.06,26.73,79.79,42071.0,45.86,20.09,5.84,18.57,91094.002,51.12,30.4,45242.131,48.4,42.0,75.69,59.19,0.75,3.62,2874.0,768.0,138576.0,96505.0,7.66
Nieuwegein,0.43,0.4,0.33,7.04,12.54,15.4,46.72,21.23,23.48,49.75,60.38,41.47,70.71,24.0,73.33,18.84,45.47,47.45,58.87,30.4,40.35,12.54,69.96,9.91,70.55,73.93,19.9,19.08,907.0,1.29,44.97,32.8,14.72,27.84,21.88,44.26,83.06,23.2,1059.0,1.36,52.42,80.71,77.72,18.17,0.48,23.7,7.48,14294.0,2.36,88.57,4.15,43.99,69.99,30555.0,51.21,21.09,4.65,15.1,93298.0,53.58,31.9,50156.681,53.43,43.0,71.55,60.53,1.77,5.22,2846.0,1055.0,69783.0,39229.0,16.49
Nieuwkoop,0.62,0.53,,6.92,9.1,2.73,47.79,25.55,16.03,43.68,51.73,46.67,71.16,23.0,74.03,20.45,47.43,48.59,50.33,37.1,46.89,9.88,71.44,10.72,73.09,74.72,22.05,20.77,532.0,,47.12,36.1,6.1,27.67,16.84,43.38,86.52,19.49,853.0,,52.73,87.09,82.14,15.64,,24.2,5.31,12952.0,1.45,90.77,6.82,41.31,78.4,46409.0,48.49,21.35,3.12,13.78,98269.585,56.77,31.3,50907.039,54.25,44.2,75.14,57.36,1.15,3.74,4549.0,767.0,148892.0,102482.0,13.03
Nijkerk,0.44,0.4,0.35,6.02,9.6,4.8,47.45,21.37,19.23,47.81,56.99,42.91,72.98,24.0,72.68,18.94,44.04,47.72,56.56,33.2,41.85,11.65,72.61,13.19,73.37,72.86,16.67,19.14,684.0,0.79,43.54,36.4,5.83,25.21,18.81,44.89,86.48,18.08,1011.0,1.02,50.88,84.95,76.98,16.43,0.42,23.8,7.21,10797.0,2.56,88.67,5.21,41.73,76.43,50056.0,50.02,20.99,4.35,16.32,90595.561,52.3,31.1,47750.808,51.01,43.4,75.37,58.51,1.04,4.73,3839.0,949.0,125306.0,75250.0,13.98
Nijmegen,0.61,0.56,0.49,6.72,11.85,14.7,48.13,28.61,28.33,48.21,55.4,45.18,70.02,25.0,72.78,20.11,49.83,48.16,54.71,45.7,44.18,14.67,69.65,6.46,75.13,72.89,21.97,20.36,719.0,1.26,53.01,38.8,10.35,29.84,23.87,45.41,86.69,24.95,1048.0,1.74,57.81,81.37,62.36,25.57,0.52,22.4,9.24,15012.0,3.27,80.1,3.87,45.25,57.83,24773.0,51.62,20.59,6.6,21.15,84268.104,46.06,30.3,44581.691,47.12,45.3,67.6,58.55,5.03,6.27,2836.0,1133.0,71537.0,46765.0,22.08
Nissewaard,0.61,0.46,0.42,7.7,13.79,11.55,41.88,21.43,24.85,48.63,54.67,39.57,65.93,23.0,66.65,16.12,39.32,41.81,54.28,30.4,39.2,11.4,66.18,9.68,69.01,67.07,15.15,16.04,705.0,1.66,37.88,32.4,13.47,24.07,22.95,45.89,83.63,13.04,1061.0,2.21,42.49,80.43,82.97,11.57,0.85,23.7,6.77,15855.0,2.36,86.67,2.62,33.79,73.06,17982.0,53.21,21.11,5.63,17.25,92558.288,53.19,31.5,50328.654,53.42,44.4,73.01,63.72,2.64,4.78,1719.0,1178.0,84433.0,66451.0,10.9
Noardeast-Fryslân,0.65,0.51,0.46,6.35,8.23,0.79,50.14,9.98,29.99,68.64,60.12,48.95,72.27,19.0,76.91,19.37,41.62,50.23,59.19,43.8,48.77,7.38,71.38,21.16,72.54,77.35,11.13,18.84,776.0,1.19,35.97,48.5,1.0,10.6,31.02,67.44,86.58,12.71,1138.0,1.68,46.06,84.26,71.7,9.59,0.64,23.2,6.86,12679.0,1.56,86.63,3.45,37.7,73.48,17446.0,47.89,19.18,5.84,20.91,78795.232,44.3,29.7,41430.259,44.91,53.6,72.49,57.97,2.6,4.72,2090.0,861.0,74504.0,57058.0,11.58
Noordoostpolder,0.39,0.29,0.25,6.24,9.27,4.97,45.48,16.59,27.65,57.62,53.67,43.13,67.75,21.0,71.47,17.55,45.48,46.64,52.99,53.9,42.54,15.72,69.01,14.44,77.95,73.79,16.74,18.12,644.0,1.2,42.1,55.7,3.97,17.27,24.55,55.81,86.72,13.95,853.0,1.62,52.3,84.28,61.64,12.85,0.64,22.2,5.77,14170.0,1.6,88.12,6.18,45.88,72.71,27446.0,46.54,20.41,5.35,18.35,87044.619,49.29,31.0,46784.396,50.1,61.4,70.32,56.3,2.08,4.45,4049.0,946.0,119479.0,92034.0,15.8
Nunspeet,0.79,0.65,0.58,5.32,7.81,1.83,48.09,16.24,24.72,59.48,54.49,43.67,72.41,24.0,74.42,18.71,41.6,49.88,55.02,29.9,44.38,9.44,72.69,25.12,71.16,75.59,12.52,19.74,559.0,,39.84,32.2,1.83,15.9,24.46,58.65,86.42,16.05,1105.0,0.93,46.54,86.23,77.96,13.19,0.79,23.8,5.34,12216.0,1.43,87.89,4.02,33.79,77.62,39032.0,47.55,20.73,4.81,17.31,89362.75,51.17,30.1,45684.635,48.48,43.0,73.97,58.56,1.38,4.02,2627.0,953.0,112985.0,73953.0,9.74
Oegstgeest,0.54,,,5.32,8.95,5.41,64.87,61.6,8.16,19.92,67.75,58.52,81.43,28.0,84.71,30.7,75.84,66.73,67.16,35.9,60.12,18.21,81.48,2.72,92.45,86.03,43.54,32.66,644.0,,78.92,40.0,7.52,49.34,11.52,27.15,95.78,50.39,871.0,,78.99,90.6,57.57,48.79,,22.4,8.8,12633.0,1.7,87.51,13.25,66.89,67.82,74768.0,50.24,24.08,3.98,11.04,111827.532,59.73,32.4,58215.535,59.16,44.3,68.49,59.51,1.23,6.05,12166.0,760.0,197147.0,122379.0,38.03
Oldambt,0.85,0.68,0.53,9.83,12.16,2.13,44.65,11.78,31.78,64.32,53.13,40.32,65.06,23.0,71.07,17.68,40.41,45.71,53.24,45.3,39.43,7.76,65.4,18.28,65.95,72.36,15.61,17.86,622.0,1.03,33.82,46.9,2.21,12.74,31.56,63.14,79.61,12.06,962.0,2.36,43.14,79.33,65.52,10.6,1.09,23.0,8.28,15569.0,2.38,81.48,3.47,34.66,70.23,12082.0,51.42,19.07,7.07,24.61,77363.028,42.5,30.4,41117.266,44.24,53.7,70.62,63.22,4.71,6.05,2387.0,1096.0,63519.0,51436.0,13.3
Oldebroek,1.01,0.93,0.68,6.24,8.79,0.93,40.22,11.82,24.17,63.05,50.67,39.25,68.02,23.0,67.5,13.88,41.69,40.69,50.59,57.9,39.06,13.72,69.18,12.09,70.3,68.62,12.62,13.53,880.0,,33.94,58.1,2.15,15.99,23.64,58.31,86.65,13.55,1248.0,1.36,47.54,86.12,77.1,13.46,1.18,24.0,5.39,11208.0,1.85,89.49,5.45,35.0,79.9,49167.0,45.51,20.48,3.32,17.36,87672.72,50.3,30.3,46114.447,49.24,56.3,76.15,57.92,0.67,3.99,3933.0,889.0,109236.0,60070.0,11.29
Ommen,,,,5.93,7.22,0.8,50.21,14.83,25.17,60.23,62.85,43.62,74.77,22.0,76.61,18.64,43.06,50.74,61.65,37.7,41.32,9.18,74.21,16.87,69.65,77.33,15.82,18.76,541.0,,44.78,41.1,1.2,16.24,23.64,56.75,87.3,19.85,1164.0,,54.41,86.24,72.9,15.61,,23.7,6.28,10565.0,1.19,91.26,6.53,44.36,77.24,37609.0,45.89,20.22,5.86,19.86,88561.448,50.75,30.6,46633.727,50.54,48.6,75.17,53.77,1.1,4.24,3955.0,885.0,106020.0,68412.0,13.74
Oost Gelre,0.82,0.66,0.62,7.26,7.84,2.12,47.6,16.47,16.27,51.88,53.21,45.02,67.71,25.0,75.52,17.93,42.07,47.38,52.57,42.4,43.98,9.74,67.41,18.34,70.46,76.39,17.02,17.84,636.0,,41.47,45.0,2.0,15.8,20.1,54.25,84.86,16.75,952.0,0.94,55.56,86.36,70.06,14.88,,23.2,6.3,13288.0,2.1,90.18,5.62,47.16,75.95,22169.0,49.55,20.51,4.86,16.05,92126.927,52.8,31.4,48249.476,52.13,53.4,74.51,56.64,1.82,4.71,4072.0,1069.0,96470.0,74300.0,14.36
Oosterhout,0.39,0.35,0.3,7.91,12.62,10.86,46.47,27.8,21.26,46.05,57.11,43.55,73.53,25.0,73.59,17.19,40.97,46.55,56.83,36.4,42.39,11.54,73.29,9.04,75.13,73.62,17.52,16.93,594.0,0.78,45.44,38.5,9.06,27.84,20.26,45.05,85.59,19.48,810.0,1.24,56.37,82.68,72.42,18.77,0.49,23.0,5.51,14840.0,2.83,88.73,6.66,46.31,70.86,27690.0,51.22,21.52,4.62,17.34,95057.836,54.17,31.9,50250.89,53.16,47.5,72.26,61.45,1.68,4.58,6182.0,991.0,76943.0,49254.0,18.36
Opsterland,0.52,0.43,,6.42,8.4,0.92,47.3,15.14,24.74,59.13,52.88,44.97,65.11,20.0,73.28,17.2,47.26,47.39,52.61,48.7,44.56,10.66,64.41,15.11,72.53,73.45,17.6,17.7,715.0,,39.49,52.3,1.84,17.22,25.7,58.5,86.57,14.49,976.0,1.01,51.52,84.99,68.93,13.22,,23.1,6.85,13893.0,1.77,87.84,4.0,43.38,74.54,28573.0,46.29,19.84,5.7,20.49,84035.026,47.18,30.5,44006.706,47.41,51.8,72.68,56.22,2.91,4.91,2830.0,872.0,85869.0,57295.0,15.01
Oss,0.46,0.35,0.31,7.51,12.1,8.55,44.55,24.2,20.35,48.42,52.71,45.43,67.0,23.0,72.48,16.83,41.23,45.14,52.26,39.7,44.63,9.3,66.83,14.38,70.16,72.87,15.6,16.99,652.0,1.22,40.76,42.9,6.99,23.52,19.68,47.24,85.97,15.4,1111.0,1.45,50.89,83.01,79.71,15.81,0.43,23.9,7.68,14434.0,4.08,86.43,6.96,43.48,73.96,36414.0,51.87,20.76,5.22,18.45,90343.975,51.35,31.4,48079.629,51.27,50.0,74.36,59.95,1.88,5.04,4667.0,971.0,103604.0,67190.0,16.51
Oude IJsselstreek,0.52,0.52,0.41,7.97,9.31,5.59,44.18,13.48,25.12,60.09,53.63,43.05,72.11,23.0,71.3,16.57,35.8,45.09,53.28,41.2,42.7,6.11,72.12,20.79,64.86,72.48,10.29,17.26,745.0,0.94,36.88,44.2,5.97,14.9,23.97,58.57,83.85,12.19,1059.0,1.12,52.3,84.58,71.53,12.78,,23.4,6.44,12162.0,2.81,87.58,5.66,41.9,73.98,22711.0,47.98,19.73,6.44,21.0,85289.333,49.02,30.9,44677.417,48.53,52.3,76.14,54.32,2.12,4.42,7783.0,890.0,74681.0,51970.0,13.8
Overbetuwe,0.52,0.45,0.43,5.72,10.34,2.38,51.18,30.18,15.85,39.9,59.45,47.93,76.07,25.0,76.59,20.78,50.78,51.9,59.04,38.5,46.87,12.53,75.32,13.16,77.16,77.64,19.92,20.79,644.0,0.88,51.01,40.3,4.72,27.67,18.5,43.98,87.88,20.42,982.0,0.71,57.8,85.26,68.29,20.35,0.43,23.2,7.73,14157.0,2.38,87.14,4.76,45.72,72.1,32288.0,50.8,20.93,5.64,17.96,90816.105,51.49,31.2,48077.364,51.27,47.9,72.27,58.9,2.75,5.26,2870.0,864.0,98113.0,65825.0,18.31
Papendrecht,0.61,0.47,,7.06,9.36,6.88,43.51,26.71,17.2,43.19,52.28,40.9,65.8,24.0,70.12,16.15,45.98,42.82,52.55,31.9,39.71,14.66,65.21,8.58,73.82,69.52,17.11,16.29,928.0,0.88,49.1,33.7,8.44,25.1,18.78,43.69,86.88,20.5,854.0,0.85,50.1,81.86,82.85,15.02,0.52,23.9,7.05,14773.0,3.08,88.48,3.9,39.02,77.78,19467.0,50.72,21.1,4.53,15.8,93321.924,53.86,31.6,50008.933,53.5,44.5,75.59,62.87,1.7,4.91,2504.0,908.0,61098.0,41631.0,12.33
Peel en Maas,0.4,0.31,,7.61,11.32,3.38,43.71,19.2,17.55,50.19,46.23,42.2,61.41,24.0,70.33,17.0,44.44,45.24,46.18,41.5,41.71,17.17,61.69,12.12,74.83,71.04,19.27,18.0,662.0,0.65,46.78,42.8,5.98,17.23,20.99,52.82,85.4,17.12,931.0,,58.46,85.99,78.18,14.74,,24.1,5.78,9569.0,1.82,91.47,9.29,49.13,81.58,46958.0,50.36,20.44,4.34,16.57,93695.179,54.42,31.7,48623.726,52.78,56.5,76.23,59.56,1.06,4.09,6359.0,1011.0,140692.0,93734.0,17.14
Pijnacker-Nootdorp,0.57,0.43,0.41,6.62,10.97,7.82,55.31,45.08,12.64,29.25,63.19,50.61,76.38,25.0,78.64,24.28,55.83,55.9,62.11,35.5,49.66,13.12,75.71,6.66,81.76,78.87,23.56,24.34,674.0,,58.29,37.0,11.31,40.8,16.19,33.45,90.36,28.34,842.0,0.77,63.32,86.18,78.17,23.59,,23.9,6.76,11781.0,1.93,89.77,10.04,50.58,77.52,56891.0,50.19,22.33,3.44,12.55,99106.461,56.83,31.7,53688.599,56.61,45.6,74.6,56.37,1.35,4.7,6299.0,992.0,152531.0,95639.0,20.4
Purmerend,0.5,0.44,0.35,7.93,12.26,11.55,38.43,24.18,21.89,46.78,47.47,36.28,65.65,25.0,65.09,13.33,42.56,38.21,47.12,32.1,35.54,17.15,66.44,6.04,69.5,65.57,16.32,12.75,745.0,0.77,44.4,33.9,11.44,24.33,22.04,46.81,85.72,16.87,1052.0,1.14,48.51,82.11,84.69,14.69,0.51,24.1,7.85,12987.0,3.46,85.91,4.47,41.4,70.31,41492.0,51.19,20.6,4.77,18.63,91187.487,50.77,31.1,48115.929,51.45,43.4,71.45,57.91,2.16,5.91,2597.0,942.0,104777.0,63284.0,15.29
Putten,0.74,0.61,0.53,7.14,8.15,1.83,42.97,18.41,24.32,56.49,50.33,39.59,69.85,23.0,71.88,15.56,41.02,42.25,49.27,34.6,37.51,13.31,68.7,8.96,72.13,71.77,14.9,14.67,659.0,,41.88,36.3,2.21,20.61,21.15,51.82,86.65,15.43,1103.0,0.73,45.31,85.46,80.19,13.2,,24.2,5.34,6497.0,1.16,89.87,6.3,36.96,77.31,66498.0,45.59,20.2,4.56,18.59,91430.996,51.96,29.9,46327.153,49.31,42.3,74.18,56.95,1.16,3.97,4185.0,1125.0,164600.0,98102.0,12.25
Raalte,0.44,,,6.42,8.3,1.99,53.38,19.09,17.16,50.29,63.2,51.26,75.85,25.0,79.5,22.35,44.59,53.4,61.78,40.4,49.84,7.86,75.24,19.09,75.56,80.04,16.11,22.49,636.0,,45.51,42.7,1.98,18.41,17.26,50.8,83.85,18.52,876.0,0.81,57.2,89.24,75.98,16.04,,23.6,4.96,11002.0,1.49,90.81,7.53,52.41,75.85,38650.0,48.49,21.01,4.04,15.95,92972.655,54.17,31.3,49258.921,53.12,52.4,75.81,56.56,0.81,3.61,4808.0,906.0,103313.0,64663.0,18.75
Reimerswaal,0.62,0.51,0.47,5.28,8.51,2.11,46.9,11.64,25.08,60.65,54.43,41.8,70.97,21.0,72.95,15.07,34.74,46.83,53.69,28.9,40.83,6.67,71.25,21.39,56.55,72.95,8.53,14.35,543.0,,34.81,32.3,2.32,15.51,24.76,58.29,83.8,12.18,1309.0,1.4,37.55,86.16,78.51,7.16,1.04,23.5,5.36,9390.0,2.64,84.85,5.36,26.42,83.16,41459.0,43.98,20.29,4.48,17.83,86148.534,49.28,29.4,43826.987,46.73,43.2,77.37,57.11,1.01,3.5,4299.0,1030.0,163899.0,122441.0,7.15
Rheden,0.53,0.41,0.34,7.16,10.56,6.72,48.17,25.78,25.24,49.81,56.54,45.45,73.04,23.0,74.03,20.16,51.36,48.66,55.29,36.1,44.55,14.81,72.9,5.76,77.14,74.9,24.0,20.36,644.0,0.84,49.64,38.1,9.23,27.42,25.19,48.91,86.37,24.93,1227.0,1.26,54.88,82.19,62.6,21.3,,22.8,7.96,15210.0,3.38,84.23,4.33,45.52,67.2,23813.0,50.4,20.72,5.79,20.78,88592.527,49.55,30.8,46706.325,49.52,44.9,69.53,58.76,2.29,5.72,2683.0,1074.0,65132.0,41319.0,19.2
Rhenen,0.62,,,6.01,8.96,3.41,47.95,24.05,25.0,53.61,54.63,43.78,73.29,23.0,73.49,18.79,45.41,48.59,53.59,33.3,43.21,9.51,71.79,17.24,71.84,75.18,17.04,19.19,558.0,,46.45,35.7,7.1,23.08,23.57,50.23,88.14,19.03,777.0,1.04,46.47,84.92,75.68,14.73,0.87,23.5,6.69,11695.0,1.7,86.01,4.2,34.07,69.85,41436.0,48.35,19.97,5.92,21.79,86780.183,48.78,29.9,43138.775,46.4,42.5,70.78,57.04,1.2,4.7,2702.0,790.0,105268.0,63832.0,12.19
Ridderkerk,0.47,0.41,0.39,7.21,12.53,11.42,45.16,19.4,24.8,52.17,52.55,42.87,65.18,28.0,70.26,18.18,46.99,45.27,51.69,31.9,43.35,15.2,65.32,11.23,73.43,71.09,19.08,18.34,779.0,,45.98,38.2,19.62,19.42,29.51,54.08,86.99,17.51,941.0,1.1,48.47,83.48,84.48,14.08,0.78,24.2,6.65,13951.0,2.72,88.11,4.52,38.15,75.78,26627.0,51.6,20.88,4.66,16.04,93154.826,52.99,31.5,49190.984,52.53,41.3,75.11,63.29,1.64,4.72,3947.0,1057.0,86398.0,59772.0,13.61
Rijssen-Holten,0.64,0.48,0.41,5.74,8.3,3.72,48.34,13.47,22.93,60.44,55.52,44.9,71.37,25.0,72.75,20.34,47.66,48.95,55.21,33.9,44.73,9.99,71.5,11.63,71.47,73.15,21.69,20.71,710.0,0.54,43.05,35.9,2.19,16.16,21.86,56.87,86.33,14.34,785.0,0.79,50.11,87.86,80.11,11.58,0.64,24.2,5.41,10048.0,1.96,88.39,5.73,37.24,80.79,40791.0,49.74,20.3,4.88,18.72,91547.501,51.17,30.1,45143.396,48.21,44.8,76.88,63.28,0.96,3.48,4522.0,947.0,231420.0,190629.0,10.97
Rijswijk,0.51,0.44,0.33,6.65,12.51,22.24,47.37,30.86,31.18,50.17,55.66,45.22,69.44,25.0,72.53,19.02,50.61,48.17,54.67,33.6,45.62,15.43,70.0,4.94,77.09,74.3,21.77,18.98,663.0,0.75,51.24,34.6,24.97,32.59,28.72,46.87,87.34,25.36,1123.0,1.12,59.69,82.64,74.56,23.94,0.73,23.6,8.87,16040.0,2.29,86.65,4.94,46.69,66.41,27579.0,54.18,21.84,4.5,15.09,92474.981,52.32,31.8,50628.705,53.92,43.4,71.74,62.49,3.26,6.42,3484.0,969.0,67962.0,40383.0,17.74
Roermond,0.56,0.5,0.4,7.32,12.32,18.17,46.63,18.28,31.99,59.55,54.35,45.41,65.79,22.0,71.35,16.88,44.73,47.97,54.31,41.3,45.05,14.29,65.41,8.67,77.81,72.49,16.92,18.0,780.0,1.53,46.53,44.4,13.13,20.96,27.85,54.95,85.32,18.84,929.0,2.06,52.52,79.84,72.29,17.91,0.74,22.8,8.3,10677.0,4.96,82.24,4.57,40.78,67.47,28532.0,54.8,19.93,7.69,24.27,84978.806,46.86,30.9,44775.892,47.69,54.8,71.76,65.95,3.38,6.3,3337.0,1322.0,114101.0,85569.0,15.14
Roosendaal,0.44,0.41,0.35,8.05,13.92,16.89,48.16,23.11,25.47,50.05,57.99,44.94,67.55,25.0,73.56,19.69,44.89,48.87,56.75,36.3,44.49,10.12,67.68,11.74,76.47,74.68,18.36,19.66,661.0,0.76,47.22,38.0,15.4,24.97,24.06,48.95,87.72,18.85,982.0,1.12,53.13,81.6,74.47,18.06,0.61,23.3,7.77,12144.0,2.81,86.54,5.56,47.61,72.76,29883.0,52.13,21.06,5.31,18.44,92422.725,52.29,31.3,48352.915,51.31,47.7,73.18,62.4,2.55,5.64,2947.0,1052.0,81961.0,52078.0,17.62
Rotterdam,0.52,0.43,0.37,7.34,14.5,37.95,43.45,19.21,44.16,63.82,56.23,40.82,64.55,24.0,68.38,17.42,42.29,43.72,55.47,28.1,39.91,12.53,64.16,8.91,68.69,68.92,17.33,17.26,766.0,1.56,38.81,29.9,37.45,21.27,41.2,60.55,82.86,17.09,968.0,2.66,42.86,75.09,75.44,14.72,0.99,22.6,8.01,16135.0,3.38,77.45,2.14,32.54,53.41,17501.0,55.66,19.62,8.05,24.18,79040.842,43.26,30.6,42420.058,44.84,39.9,66.64,65.9,7.24,6.18,1784.0,1251.0,56039.0,38538.0,12.06
Schagen,0.58,0.52,0.4,6.34,8.4,2.26,48.77,23.6,18.33,46.39,54.12,46.66,74.65,25.0,74.22,19.66,43.84,48.71,52.93,37.1,45.79,8.49,74.63,14.22,73.61,74.75,14.66,19.36,608.0,0.91,41.35,40.0,3.15,22.2,18.45,47.52,85.88,15.17,920.0,1.32,49.77,85.67,75.78,13.09,,23.4,7.05,12241.0,2.09,88.45,7.77,42.67,76.6,41967.0,48.71,21.23,4.91,16.19,93814.069,52.7,31.1,48971.113,51.87,48.1,72.48,53.06,1.33,4.63,6481.0,1037.0,205387.0,163420.0,15.58
Scherpenzeel,0.86,,,7.41,9.74,0.95,50.83,15.85,19.63,49.54,55.5,46.26,76.52,25.0,77.06,23.42,49.57,51.01,53.74,20.2,44.32,11.04,77.01,9.68,78.23,76.85,17.67,21.8,457.0,,44.7,22.3,3.59,19.02,21.89,53.52,87.07,15.89,843.0,,48.02,87.96,80.79,11.74,,23.6,8.12,9594.0,2.54,87.31,5.58,39.59,80.27,44702.0,46.7,21.46,3.53,14.11,93786.411,54.03,29.9,49415.691,51.79,40.4,74.07,57.36,,5.92,3628.0,824.0,127703.0,83001.0,12.18
Schiedam,0.46,0.36,0.29,7.23,13.94,27.83,42.02,18.79,35.9,59.24,53.94,40.85,65.32,28.0,67.04,16.13,40.53,42.23,52.36,29.5,40.12,10.46,64.37,8.13,65.49,67.41,15.27,16.14,663.0,1.05,41.68,31.0,30.55,19.72,36.26,58.3,84.02,15.69,992.0,2.39,46.26,80.64,81.86,15.66,0.97,23.4,8.09,15516.0,3.14,83.14,2.95,37.4,65.89,20699.0,52.11,20.35,6.86,21.13,86517.245,48.43,31.3,45917.674,48.65,41.9,69.24,64.04,3.51,5.44,2142.0,964.0,52278.0,31579.0,14.3
Schouwen-Duiveland,0.74,0.62,0.5,4.8,10.3,1.22,51.15,18.19,22.73,53.57,60.47,46.26,76.5,18.0,76.6,19.91,45.63,50.08,59.37,32.3,44.46,11.19,75.91,16.01,74.6,76.32,14.37,18.96,611.0,1.05,39.7,34.7,1.5,19.77,21.53,51.31,85.67,14.06,981.0,0.62,47.57,83.44,68.64,13.5,0.65,23.2,6.93,14684.0,2.16,89.13,5.1,40.1,77.98,29240.0,49.36,20.99,4.85,18.44,90406.856,51.65,31.4,49145.422,51.87,45.9,74.8,60.01,1.28,4.71,3954.0,1211.0,95646.0,66406.0,14.25
Sint-Michielsgestel,0.63,0.49,0.49,6.88,10.16,1.65,52.16,34.43,14.13,38.62,60.53,54.55,70.58,26.0,77.67,20.64,53.47,52.39,59.83,40.0,53.37,12.82,70.71,6.87,79.28,77.7,22.77,21.06,701.0,,56.02,44.3,3.76,34.52,16.36,38.69,91.9,28.36,1100.0,0.75,60.49,88.15,71.36,24.57,,23.9,7.89,10963.0,2.44,89.18,12.35,46.21,76.91,53728.0,52.26,21.69,5.04,15.63,96870.18,55.56,31.6,51773.238,55.07,50.3,74.0,58.07,0.67,5.01,13000.0,984.0,134449.0,80721.0,18.46
Sittard-Geleen,0.47,0.34,0.27,7.84,13.67,7.72,52.46,22.86,27.22,51.62,58.66,47.97,75.07,25.0,76.43,21.37,51.17,52.8,56.96,39.0,46.72,15.23,74.58,12.27,75.7,76.51,25.86,21.26,775.0,1.36,49.0,41.8,6.4,24.81,24.53,48.77,82.23,21.37,1034.0,2.51,56.0,79.14,68.66,21.11,0.94,23.1,9.44,12229.0,5.53,80.73,5.08,43.8,67.62,23613.0,52.89,20.34,7.1,22.58,84370.852,47.03,31.5,45182.24,47.93,54.4,70.41,63.5,3.64,7.49,3399.0,1267.0,65144.0,41531.0,17.56
Sliedrecht,0.58,0.58,0.55,6.34,8.65,7.12,53.49,18.03,18.56,48.93,65.46,48.58,74.79,25.0,77.93,21.16,51.27,53.73,64.6,28.7,47.32,10.29,75.06,10.81,77.6,78.53,17.9,20.75,576.0,1.01,44.6,30.5,5.87,22.05,18.45,47.29,86.3,16.79,1108.0,1.18,46.94,83.35,84.07,13.27,,23.7,7.15,10301.0,2.97,85.78,3.35,34.07,75.94,23470.0,51.41,21.36,3.82,13.31,89396.541,51.89,31.0,46915.342,49.51,40.5,78.03,61.9,1.37,4.94,3176.0,958.0,100106.0,76636.0,10.42
Smallingerland,0.41,0.37,0.35,6.59,9.82,3.35,48.83,15.87,31.36,63.08,58.68,44.65,74.36,22.0,74.3,19.71,44.51,48.16,57.51,39.8,43.1,8.74,73.37,13.83,67.38,73.36,15.95,18.61,610.0,0.83,39.99,43.1,2.87,16.33,28.06,60.04,84.57,16.55,1012.0,1.51,51.27,81.55,66.99,14.7,1.04,22.6,8.52,13799.0,2.28,83.92,4.05,45.24,67.9,22246.0,51.35,19.69,6.48,22.2,80602.605,44.9,29.7,42631.89,45.64,50.7,71.36,59.77,3.92,6.43,2458.0,1028.0,67151.0,44905.0,15.43
Soest,0.55,0.41,0.3,5.94,10.5,8.56,55.61,38.65,19.88,38.97,66.13,48.72,79.73,25.0,81.76,24.47,54.93,56.49,64.84,35.7,48.13,13.77,79.55,7.17,86.11,82.4,25.5,24.2,658.0,1.09,54.98,37.4,8.7,39.59,18.02,37.69,89.04,26.64,1272.0,1.21,61.4,84.3,68.54,22.8,0.39,22.7,8.55,11641.0,2.81,86.67,8.07,45.02,67.08,46366.0,50.55,21.5,4.71,17.08,93616.657,52.48,31.3,49538.09,51.59,43.1,68.64,57.39,1.53,5.48,5051.0,867.0,124905.0,78539.0,19.16
Stadskanaal,0.5,,,8.39,10.62,2.79,42.1,9.47,35.13,66.93,54.33,39.15,66.76,22.0,70.53,16.03,40.02,42.58,53.5,32.3,37.45,9.48,65.43,17.42,65.4,70.48,14.47,14.76,753.0,1.22,31.16,34.0,1.82,11.5,32.63,65.02,78.61,9.93,976.0,1.79,41.75,78.47,66.43,8.84,0.96,23.1,6.92,14251.0,2.84,84.83,3.29,38.54,72.26,16728.0,51.03,19.54,7.86,24.39,78931.434,43.74,30.3,42612.975,45.48,48.6,70.56,62.63,2.96,4.29,1875.0,1175.0,56263.0,39536.0,12.38
Staphorst,0.82,0.65,0.61,4.27,6.93,0.47,54.76,8.19,33.25,73.23,58.75,51.47,70.74,22.0,78.44,24.85,45.78,54.35,58.38,42.6,49.88,5.19,70.5,24.79,69.68,78.47,12.75,23.5,537.0,,34.99,45.7,0.97,12.14,27.32,63.78,87.03,11.52,962.0,0.73,43.77,89.46,82.46,8.92,,24.9,3.05,6535.0,0.91,92.35,9.05,30.62,84.98,68136.0,43.79,19.57,4.23,15.39,92874.243,51.48,30.1,44390.138,48.31,56.6,78.97,51.19,,1.73,5478.0,582.0,197602.0,129466.0,7.24
Steenwijkerland,0.72,0.66,0.48,7.35,9.11,1.83,45.29,14.72,25.39,59.08,51.84,41.65,65.09,18.0,68.73,16.74,43.1,45.94,51.53,37.2,41.05,12.76,65.26,16.05,68.03,69.93,15.21,16.92,657.0,1.13,37.67,40.0,2.36,17.24,25.28,56.4,85.44,14.23,800.0,1.74,49.65,83.82,66.94,13.27,0.52,23.1,5.79,14603.0,2.18,86.88,4.7,38.24,71.37,26594.0,48.26,19.56,6.15,23.26,85383.282,47.56,30.8,44298.509,47.71,49.9,72.64,57.82,2.14,3.44,2490.0,893.0,75790.0,49196.0,14.55
Stichtse Vecht,0.7,0.6,0.46,6.24,10.34,5.64,53.56,39.88,15.4,36.63,59.12,49.0,76.94,24.0,77.41,23.56,56.53,53.43,58.5,34.3,47.76,15.18,77.27,8.55,79.7,77.5,27.96,23.42,766.0,0.42,56.83,36.6,8.24,39.33,17.72,37.95,89.29,27.96,1168.0,0.84,59.62,85.78,71.44,24.0,0.35,23.7,7.69,14839.0,3.0,87.57,7.19,47.16,69.27,44465.0,50.32,21.91,4.21,15.92,96646.607,54.45,31.9,51570.706,54.02,43.7,70.46,58.09,1.94,5.33,5590.0,1017.0,116981.0,72516.0,20.04
Súdwest-Fryslân,0.45,0.38,0.33,6.82,8.01,1.45,46.96,17.11,25.81,57.65,54.19,45.64,67.08,21.0,71.92,19.21,47.48,47.1,53.6,47.0,45.0,10.92,67.49,14.1,73.28,72.5,18.98,18.9,543.0,0.86,42.2,50.5,1.5,18.14,24.03,55.99,85.82,16.96,839.0,1.17,53.01,85.67,62.25,14.12,0.66,22.6,6.3,12675.0,1.57,86.42,4.91,44.9,71.28,23490.0,46.65,19.57,5.55,22.15,81048.775,45.58,30.0,42758.245,46.18,53.9,71.07,54.02,3.3,4.96,4476.0,859.0,86351.0,62861.0,13.82
Teylingen,0.51,0.44,0.44,5.75,8.01,4.18,53.68,39.61,11.41,32.41,60.46,50.36,76.37,26.0,78.46,23.46,54.72,54.38,59.99,32.5,50.15,13.0,77.0,9.64,83.63,79.37,24.41,23.87,584.0,,59.89,34.7,3.83,38.3,12.35,33.87,91.57,29.34,790.0,0.84,65.51,87.82,75.31,25.84,,23.7,7.73,13701.0,2.19,90.24,8.83,52.58,73.03,49214.0,49.56,22.49,3.98,12.57,102558.985,57.47,31.8,53639.9,56.4,43.8,74.15,56.2,1.15,4.55,5613.0,824.0,134693.0,85480.0,23.25
Tholen,0.49,0.41,,5.11,9.55,2.61,51.59,13.68,26.41,59.96,63.6,46.93,74.2,22.0,76.99,19.05,40.25,50.71,62.66,32.5,45.64,7.84,73.3,18.98,67.98,76.91,9.08,18.74,625.0,1.2,37.05,34.2,6.43,17.36,25.24,56.18,88.0,10.77,901.0,0.99,40.47,85.85,77.09,8.76,0.94,23.5,5.89,12609.0,3.34,87.11,2.81,30.3,78.89,25137.0,49.74,20.15,4.76,18.64,87266.355,49.92,30.9,45619.443,49.11,44.6,74.88,61.52,1.31,4.78,2469.0,1314.0,110684.0,85547.0,9.16
Tiel,0.29,,,6.53,12.73,16.57,42.57,19.34,27.27,56.05,53.88,37.37,64.91,23.0,69.02,15.3,36.75,42.95,52.35,31.4,35.31,11.24,63.98,12.37,66.16,69.42,13.92,15.4,841.0,0.96,41.15,33.7,15.24,22.2,25.69,53.32,83.69,15.2,1018.0,0.98,47.88,78.41,76.89,13.52,0.68,23.1,8.27,14797.0,2.84,84.11,3.83,39.39,64.2,24530.0,51.59,20.36,5.33,20.6,87514.328,48.98,31.3,46742.384,49.58,44.4,71.22,60.96,2.89,5.63,2071.0,1062.0,66966.0,42435.0,16.28
Tilburg,0.45,0.39,0.33,7.52,14.72,16.16,42.36,22.39,28.11,51.71,52.56,40.94,64.96,25.0,69.66,15.91,46.05,42.37,51.83,34.9,40.01,16.56,64.83,9.4,75.37,69.98,19.73,15.82,760.0,1.0,43.74,36.4,14.42,24.3,25.7,50.12,84.94,18.26,924.0,1.49,52.42,80.27,74.75,17.11,0.65,23.1,8.49,15032.0,3.61,83.71,4.16,39.8,66.36,23979.0,52.65,19.96,6.04,22.13,85509.167,47.65,31.2,45317.538,48.05,46.0,70.59,61.04,4.31,6.21,2469.0,1092.0,69680.0,45700.0,15.49
Tubbergen,0.74,0.74,0.74,7.37,7.82,0.55,47.38,20.48,17.64,50.78,52.76,43.66,67.63,26.0,73.43,17.79,48.72,48.3,52.18,53.2,43.67,11.38,67.64,11.83,74.4,74.33,18.16,18.25,568.0,,47.58,53.3,3.92,20.27,20.77,52.53,87.15,17.81,1146.0,,57.32,91.8,85.49,15.22,,24.7,3.82,9126.0,1.73,92.97,12.06,49.96,80.82,62796.0,51.0,21.21,2.96,13.27,97637.997,56.94,31.3,49231.056,53.47,55.8,75.92,60.62,,2.43,9678.0,908.0,186824.0,124028.0,17.87
Twenterand,0.62,0.53,0.5,6.77,10.05,1.48,48.41,9.7,30.1,67.38,56.59,44.78,67.7,23.0,72.3,18.72,42.91,49.49,56.85,36.2,44.77,7.62,69.07,20.41,64.56,74.03,15.67,18.72,983.0,0.77,32.57,38.0,2.11,12.75,28.73,63.29,82.29,11.55,1118.0,1.27,44.71,85.45,80.28,9.65,,24.3,6.04,12092.0,3.14,87.09,5.32,33.5,77.15,29339.0,49.77,19.53,6.46,21.66,84738.402,48.09,30.6,43303.385,46.54,47.6,73.2,58.91,2.01,4.61,3366.0,1050.0,86755.0,57416.0,9.94
Tynaarlo,0.61,0.53,0.42,6.46,8.26,1.22,57.09,37.17,14.91,35.36,61.19,51.92,76.97,22.0,79.23,25.49,60.86,58.72,61.1,39.4,51.59,12.72,77.04,8.53,83.97,80.92,30.19,26.6,576.0,0.95,56.36,44.9,3.36,34.24,18.39,40.03,90.43,29.29,1130.0,0.62,62.22,87.37,52.43,24.48,,22.1,8.36,12271.0,1.85,86.51,7.22,57.31,72.02,35382.0,50.27,21.42,4.99,18.3,90180.74,51.0,30.9,48454.874,51.7,48.8,70.58,56.18,2.69,5.61,4642.0,929.0,87538.0,52157.0,24.78
Tytsjerksteradiel,0.49,0.49,0.41,6.79,9.43,1.08,46.36,16.48,23.48,54.64,54.43,43.97,71.41,20.0,75.15,17.41,47.94,46.86,53.81,39.6,43.74,12.18,71.65,13.97,76.17,76.27,17.54,17.37,573.0,,42.53,41.8,2.19,16.06,26.05,57.43,87.54,17.36,940.0,,52.74,85.56,73.01,13.05,,23.2,6.81,12511.0,1.31,88.34,4.54,45.43,75.05,25726.0,48.01,20.15,5.31,17.34,85373.927,48.19,30.4,46103.407,49.37,51.8,71.61,55.83,2.27,5.2,2737.0,903.0,83623.0,57897.0,15.8
Uitgeest,0.85,,,5.59,8.07,1.24,51.67,34.46,12.44,35.51,65.54,44.54,75.72,28.0,81.29,21.04,53.79,52.92,65.38,36.0,44.68,10.46,75.82,12.31,83.94,82.15,21.06,21.85,730.0,,54.97,38.9,3.58,35.66,13.43,33.94,92.0,19.66,1392.0,,55.01,85.29,82.52,18.44,,23.7,4.63,7005.0,,90.57,7.55,47.86,75.44,61393.0,46.31,22.12,3.79,14.97,99532.19,56.52,31.9,54142.711,56.71,45.8,73.05,52.66,,3.95,6549.0,671.0,146664.0,85271.0,19.73
Urk,0.66,0.56,0.56,5.81,8.41,0.85,43.71,6.27,27.13,70.0,54.8,41.49,70.39,24.0,70.54,15.17,39.13,43.43,54.31,24.3,41.47,6.23,70.64,21.96,64.17,70.99,9.03,14.73,530.0,,28.13,25.7,1.42,9.26,28.83,66.73,84.33,7.5,775.0,0.71,30.8,82.8,83.25,5.81,1.64,24.0,2.65,8660.0,2.26,85.0,2.13,19.65,89.53,55884.0,44.73,19.07,7.71,26.22,87577.408,50.04,27.8,42181.072,44.46,36.8,71.57,56.24,,2.26,1618.0,693.0,139732.0,83848.0,4.59
Utrecht,0.51,0.44,0.4,5.98,11.57,24.84,52.25,37.3,28.26,44.15,56.7,48.19,73.83,24.0,75.49,21.67,56.88,52.8,55.61,29.2,47.16,14.47,73.4,8.71,77.2,76.02,30.02,21.85,691.0,0.89,53.01,31.2,25.14,34.45,28.5,46.43,85.66,27.08,980.0,1.36,54.5,79.69,71.93,24.45,0.46,22.5,9.77,12984.0,5.44,76.09,4.38,36.4,50.49,33560.0,54.32,20.2,7.23,22.53,82766.899,44.62,30.3,42982.712,44.66,39.1,68.6,64.13,6.46,6.9,2850.0,1175.0,81935.0,48375.0,17.09
Utrechtse Heuvelrug,0.52,0.43,0.31,6.41,10.68,4.67,58.12,45.54,15.85,32.81,60.63,53.6,80.87,25.0,80.59,24.78,63.54,59.34,59.98,36.1,53.07,18.0,80.11,5.76,85.88,81.12,34.6,25.63,764.0,1.46,60.83,37.8,6.09,43.09,16.18,34.39,90.71,32.95,1178.0,1.44,63.38,86.95,59.11,29.37,0.42,22.6,7.85,14052.0,2.71,86.7,7.73,45.72,69.18,51777.0,48.19,21.96,4.15,15.11,96326.941,53.65,31.6,50890.468,53.34,44.5,71.29,56.75,1.43,5.69,6454.0,926.0,189533.0,137756.0,22.02
Valkenswaard,0.66,0.66,0.62,8.37,11.96,3.34,50.55,24.79,18.88,45.58,60.26,45.89,73.56,25.0,73.57,20.9,46.25,50.67,59.51,37.3,44.46,9.62,73.98,12.7,71.51,74.81,18.59,20.98,733.0,,44.35,40.7,2.68,28.11,17.79,43.1,85.58,16.65,780.0,1.03,54.71,84.17,75.04,16.87,,23.7,6.17,12038.0,2.42,88.3,7.12,45.33,70.93,35547.0,52.51,21.05,5.14,17.04,100414.315,52.36,31.3,49681.455,51.79,51.5,73.14,60.9,1.34,4.83,5596.0,986.0,122376.0,86829.0,17.1
Veendam,0.55,0.46,,8.94,12.31,4.74,42.64,12.84,31.47,61.76,51.6,39.21,67.98,22.0,71.19,15.6,43.78,41.46,50.9,35.9,37.06,11.94,66.31,12.62,67.92,70.68,15.9,15.44,755.0,1.28,36.03,38.7,4.19,14.38,27.82,59.61,82.78,13.56,1032.0,1.59,42.53,78.61,65.1,13.38,1.31,22.9,7.57,15714.0,3.17,81.01,3.66,38.46,68.85,10820.0,49.76,18.95,7.88,25.91,78036.678,42.97,30.1,41427.622,44.32,49.6,67.35,61.66,4.58,5.49,2324.0,1376.0,48817.0,37996.0,14.22
Veenendaal,0.54,0.41,0.36,5.94,9.78,12.25,47.39,18.97,24.56,52.06,54.53,46.12,72.76,25.0,73.98,18.59,46.6,48.18,53.93,28.6,45.34,12.11,72.75,14.03,77.37,74.78,18.98,19.13,622.0,0.96,44.11,31.2,9.04,21.89,22.71,49.48,87.34,15.48,878.0,1.09,51.22,84.33,77.64,15.0,0.46,23.4,7.06,14201.0,2.86,87.17,3.19,42.36,72.75,27977.0,47.72,21.18,4.15,15.64,92006.941,52.39,30.8,48203.367,51.14,41.4,71.78,59.37,1.91,5.05,2016.0,978.0,100520.0,72543.0,15.4
Veere,0.79,,,7.18,8.41,1.14,56.8,16.25,23.22,56.06,62.83,52.86,81.08,18.0,78.92,23.31,50.36,57.93,62.07,33.9,53.37,7.11,81.41,16.97,73.57,79.95,15.6,22.41,708.0,,47.37,37.0,3.05,20.77,22.88,51.45,89.88,15.46,730.0,0.96,54.24,89.12,67.72,16.07,,22.9,4.74,10518.0,2.26,90.09,8.75,47.52,81.41,41008.0,47.23,21.16,2.89,15.32,92346.247,53.2,30.2,48721.033,51.99,45.9,77.32,55.9,0.87,3.43,6083.0,921.0,129084.0,88076.0,17.71
Veldhoven,0.42,0.31,0.29,6.44,11.73,4.66,57.77,33.5,16.62,39.34,63.83,51.3,76.62,26.0,82.26,25.07,49.15,57.87,63.59,38.0,50.48,6.26,76.69,15.29,79.39,82.81,19.09,25.3,675.0,1.24,51.9,40.1,6.65,31.36,17.46,42.15,88.81,22.46,1049.0,0.95,57.47,85.85,77.34,19.28,,23.6,7.29,13661.0,2.72,88.93,7.29,49.49,73.67,43316.0,52.92,21.03,4.33,17.46,93909.332,53.26,31.5,50281.363,53.68,50.1,74.15,59.6,1.54,5.97,4744.0,992.0,111285.0,67969.0,18.71
Velsen,0.47,0.41,0.36,6.22,10.83,6.21,45.87,29.24,18.83,41.18,56.63,41.85,72.16,25.0,72.37,15.35,44.41,45.5,55.35,30.4,40.03,14.55,72.15,10.68,71.49,72.45,19.07,14.86,678.0,1.46,46.6,32.4,6.39,30.68,17.79,40.19,86.69,22.68,961.0,1.67,49.6,80.63,80.34,17.76,0.43,23.0,7.1,12671.0,2.66,87.94,4.29,39.14,67.03,42601.0,48.48,21.09,5.12,16.62,91704.994,51.54,31.5,49675.698,52.73,43.1,71.15,58.3,1.7,5.76,2587.0,904.0,103358.0,60757.0,14.91
Venlo,0.51,0.47,0.41,7.22,12.39,14.08,43.92,16.28,31.04,58.58,52.83,41.67,64.04,27.0,70.83,16.69,41.84,43.63,51.74,37.1,40.63,13.81,63.39,16.39,68.16,70.47,16.75,16.67,634.0,1.6,39.28,40.9,13.1,17.77,28.91,57.85,81.44,18.25,1181.0,2.41,47.91,79.33,74.91,14.36,0.45,23.2,7.18,12138.0,3.28,85.57,4.16,41.01,71.31,26155.0,52.34,19.84,6.96,24.48,85314.255,47.73,31.2,44840.44,47.64,51.4,70.37,60.43,2.94,5.58,4061.0,1003.0,66225.0,40070.0,16.08
Venray,0.43,0.43,0.32,5.93,11.69,9.54,50.61,18.98,22.21,53.26,62.18,50.98,76.32,26.0,77.56,20.94,46.86,51.67,62.02,41.4,50.15,7.74,76.71,16.77,70.11,78.02,16.09,21.42,802.0,1.36,44.41,46.2,9.19,20.75,22.23,52.27,85.04,19.77,1107.0,1.53,53.87,84.73,74.55,16.76,0.49,23.2,5.72,13284.0,1.79,89.24,6.41,49.31,71.84,32813.0,49.18,20.94,5.68,17.85,92044.163,52.91,31.4,48809.478,52.47,51.0,71.81,57.55,1.65,4.26,3768.0,865.0,110083.0,77270.0,18.77
Vijfheerenlanden,0.46,0.29,0.24,6.6,10.17,7.76,44.93,19.72,22.7,51.05,52.11,41.7,67.34,24.0,71.69,16.45,45.14,45.27,51.55,31.6,40.64,14.58,67.23,11.17,73.34,72.87,18.52,16.42,643.0,1.15,39.74,33.5,9.64,20.99,22.92,51.09,84.16,16.53,1028.0,1.31,45.99,83.6,80.45,13.7,0.52,24.0,6.93,11968.0,3.15,87.6,4.83,36.55,72.58,34406.0,47.39,20.56,4.47,17.48,90206.531,52.15,31.1,48125.375,51.41,42.7,73.75,58.19,1.3,4.22,3260.0,1018.0,108184.0,73778.0,12.68
Vlaardingen,0.45,0.4,0.36,7.12,13.52,21.02,42.99,19.38,32.5,56.68,54.82,42.29,68.58,24.0,67.76,16.79,42.72,42.9,54.21,30.1,40.84,14.48,68.54,7.14,68.47,68.4,16.94,16.45,860.0,1.1,43.03,30.9,22.13,22.0,30.53,53.08,84.27,16.66,1071.0,2.12,47.09,81.51,83.2,15.52,0.68,23.6,7.15,13892.0,2.65,86.34,2.89,39.55,69.93,22395.0,52.57,20.81,5.02,17.78,90441.935,51.51,31.6,48870.283,52.13,42.5,72.45,61.42,2.4,4.87,1449.0,1081.0,61251.0,38855.0,14.15
Vlissingen,0.53,0.41,,6.79,13.49,10.74,51.92,18.23,28.04,55.32,61.64,47.67,75.23,25.0,74.81,21.85,47.51,51.44,60.18,31.7,44.81,10.89,74.34,11.18,77.18,74.28,17.1,21.55,581.0,1.43,44.22,34.1,9.37,20.18,26.68,52.36,84.81,15.14,939.0,2.41,46.11,78.53,65.07,11.85,1.3,22.3,7.5,16178.0,2.94,83.3,2.34,39.67,66.24,10330.0,50.32,20.02,6.0,21.18,81161.941,45.59,30.3,44570.408,47.48,44.4,72.93,59.1,5.5,5.58,1014.0,1185.0,39084.0,28754.0,13.34
Voorne aan Zee,0.41,0.35,0.3,7.06,11.59,4.1,45.72,33.2,16.33,37.82,55.28,42.51,71.56,23.0,72.01,17.29,44.96,46.27,54.52,34.0,41.84,15.92,71.17,9.66,74.89,72.46,17.21,17.19,770.0,1.02,47.09,36.5,4.7,33.29,16.73,37.99,85.78,19.98,1025.0,1.48,48.07,84.13,74.06,15.02,0.66,23.2,7.32,14899.0,2.46,86.87,4.64,39.15,73.14,22693.0,52.56,21.87,5.96,16.92,95461.852,54.89,31.5,51533.936,53.96,46.2,72.02,60.25,2.16,5.46,2815.0,1133.0,72943.0,50250.0,13.65
Vught,0.39,,,6.13,11.91,2.24,50.8,43.76,13.76,31.56,57.12,52.41,71.0,25.0,76.87,19.48,59.22,53.12,56.81,41.1,52.69,20.2,71.21,5.38,84.02,78.39,26.96,20.28,684.0,,58.83,44.7,4.43,38.55,16.47,36.66,89.56,35.22,1033.0,0.94,65.67,86.45,62.22,31.29,,23.0,8.02,14189.0,2.78,89.33,8.95,53.48,66.91,46049.0,53.61,22.13,4.46,15.13,101194.79,55.91,31.9,52973.853,55.55,48.4,70.3,58.71,,5.1,7026.0,1149.0,122384.0,76335.0,25.05
Waadhoeke,0.44,0.42,0.42,6.76,9.19,1.46,46.26,14.28,25.41,58.73,54.11,43.42,70.68,20.0,73.09,18.01,45.42,47.1,53.72,43.9,42.88,9.89,70.51,14.28,70.16,74.24,18.13,18.34,734.0,1.44,40.23,48.1,2.68,15.43,25.85,57.52,85.22,12.94,823.0,1.31,49.82,84.56,67.53,11.21,0.55,22.6,6.94,15891.0,1.99,87.5,5.02,45.0,75.36,11797.0,49.55,20.03,4.93,19.32,82604.879,46.74,30.4,43996.323,47.8,54.3,71.95,57.06,2.56,5.15,3028.0,852.0,64760.0,52963.0,14.15
Waalwijk,0.79,0.76,0.64,8.0,13.67,5.88,46.96,24.51,19.98,49.75,55.45,45.51,69.56,24.0,73.51,17.31,43.43,47.27,55.06,35.4,45.69,10.96,70.25,11.35,77.02,75.33,17.06,17.8,766.0,0.77,44.72,38.1,5.08,24.21,19.52,48.79,86.7,18.44,1005.0,0.96,51.6,82.69,76.86,17.09,0.72,23.9,7.1,13558.0,3.28,88.08,5.94,40.73,72.0,28110.0,51.02,20.4,5.66,20.01,88363.498,50.15,31.6,47558.859,50.54,49.1,73.95,61.2,1.74,5.21,4363.0,1072.0,82224.0,54114.0,16.51
Waddinxveen,0.56,0.49,0.38,6.28,7.61,6.93,41.5,23.06,21.05,46.14,50.22,39.5,70.01,26.0,69.14,16.26,44.14,42.29,49.31,26.5,38.16,14.18,69.31,7.18,68.11,69.7,20.53,16.82,598.0,,45.84,28.4,8.38,23.6,20.37,47.29,86.96,18.01,925.0,1.7,52.61,84.94,77.88,19.09,,23.6,6.8,14215.0,1.83,89.07,5.2,47.46,73.7,33082.0,48.88,22.22,4.55,14.22,96707.649,54.97,31.4,51741.428,54.66,42.6,75.82,60.82,1.24,4.55,3564.0,965.0,93925.0,60844.0,18.85
Wageningen,0.44,0.37,,6.28,11.9,6.8,55.69,36.55,19.62,40.18,65.93,48.58,77.58,25.0,76.44,27.27,61.08,56.8,65.9,34.5,49.22,12.72,78.31,7.92,79.25,77.51,33.83,28.0,562.0,1.82,63.1,37.7,6.67,36.49,20.24,39.12,90.33,35.14,818.0,1.45,68.9,85.79,52.82,37.17,0.75,22.3,8.47,13460.0,3.5,85.5,4.72,45.52,62.08,32513.0,52.44,20.93,4.73,18.73,88480.587,48.54,30.8,46250.125,48.87,43.6,71.0,60.1,2.44,5.86,3304.0,985.0,68126.0,35613.0,24.92
Wassenaar,0.73,,,7.18,11.06,5.7,72.23,50.8,16.38,29.23,78.21,68.16,86.27,26.0,90.31,37.96,74.74,71.99,78.17,40.3,66.05,12.51,86.02,4.4,93.63,90.63,40.73,36.81,738.0,,72.11,43.3,6.0,49.24,14.84,30.69,93.2,41.41,925.0,,71.22,86.83,58.33,42.44,,22.5,7.73,12467.0,1.64,88.81,13.65,60.33,67.75,86116.0,52.23,24.68,3.33,13.11,116206.479,59.49,33.0,58759.256,57.89,48.1,69.78,56.32,1.0,5.82,29621.0,1069.0,364861.0,278745.0,33.76
Weert,0.5,0.47,0.37,9.19,11.63,11.54,52.18,25.53,22.07,48.23,61.65,51.4,74.59,25.0,78.31,21.74,51.87,53.11,61.3,38.5,50.51,9.38,74.57,14.83,76.78,78.64,23.39,21.73,636.0,0.86,45.49,41.7,8.99,24.21,21.94,48.54,85.6,17.16,1045.0,1.01,59.75,85.52,78.78,19.21,,23.7,7.35,12363.0,3.63,86.55,8.95,47.23,72.68,35548.0,50.48,20.61,6.45,20.01,90566.334,51.39,31.6,48831.526,52.02,51.1,72.46,62.37,2.29,4.76,5516.0,1191.0,90004.0,54456.0,19.68
West Betuwe,0.3,0.26,0.24,5.9,9.47,2.8,49.7,27.2,17.39,45.38,55.65,47.61,72.46,23.0,75.63,20.39,49.17,50.5,55.21,34.2,46.88,10.89,72.39,12.26,74.95,76.24,21.37,20.17,618.0,0.73,46.65,36.5,5.13,26.73,19.12,45.45,87.33,20.22,1086.0,0.55,51.43,86.6,76.93,17.29,0.49,24.1,6.39,11848.0,2.76,88.12,7.07,36.23,75.61,43009.0,48.03,20.95,4.75,17.4,94019.259,53.38,31.7,49267.504,52.41,45.5,73.28,58.77,1.06,4.01,5583.0,1059.0,155107.0,112098.0,13.35
Westerkwartier,0.56,0.52,0.45,6.77,8.55,1.12,50.36,18.32,23.9,56.55,58.21,47.74,73.95,23.0,75.3,20.82,45.12,50.86,57.92,45.1,47.63,9.23,74.5,17.94,72.25,76.22,17.82,20.43,627.0,0.8,41.11,47.3,2.26,18.2,26.4,57.01,86.73,17.58,968.0,0.95,50.23,84.95,65.61,15.31,0.46,22.9,7.01,15260.0,2.15,86.93,4.38,44.87,74.45,28100.0,46.89,20.17,5.54,20.47,83451.522,47.11,30.5,44312.532,47.74,51.3,71.24,57.99,2.02,4.99,2322.0,886.0,77592.0,49492.0,16.85
Westerwolde,0.79,0.62,,6.96,9.05,0.99,43.65,13.65,33.49,63.86,52.7,39.41,65.18,18.0,73.52,16.18,39.16,45.06,51.34,44.4,38.43,9.31,65.88,19.6,66.43,74.57,13.29,17.04,649.0,,33.2,46.9,1.29,11.72,32.0,63.98,78.66,11.46,1040.0,1.16,38.98,79.13,67.42,10.18,1.09,23.1,6.16,13735.0,3.12,85.15,4.56,36.54,74.18,18878.0,50.72,18.86,7.64,24.79,81798.114,44.66,30.7,42062.218,45.47,54.5,67.89,63.8,3.54,4.64,2298.0,1024.0,77961.0,59083.0,11.56
Westland,0.27,0.24,0.18,6.52,9.94,5.48,47.22,26.48,16.56,41.82,56.28,42.54,69.48,25.0,73.95,18.17,45.34,47.29,54.95,31.4,41.83,13.25,69.43,7.15,76.44,74.47,15.45,18.02,748.0,0.37,41.65,34.0,7.44,26.85,17.17,42.3,88.2,16.68,994.0,0.4,56.01,88.63,84.71,16.06,0.17,24.2,5.62,12054.0,1.81,90.64,8.66,41.46,79.72,48400.0,49.14,21.77,3.59,12.89,98235.981,56.67,31.5,51797.177,54.77,43.4,75.27,59.18,1.47,3.92,7322.0,852.0,173749.0,125349.0,14.04
Weststellingwerf,0.56,0.56,0.56,6.2,9.28,3.24,44.13,12.32,28.27,63.09,49.63,43.51,63.36,18.0,69.97,17.62,43.1,45.25,49.28,41.9,43.0,11.34,63.89,18.97,67.86,69.83,16.92,17.09,596.0,,38.0,46.5,2.26,13.16,27.87,62.23,83.81,13.22,750.0,1.66,44.96,82.36,70.94,11.89,,23.2,6.42,12169.0,1.76,87.59,5.01,37.66,72.04,31546.0,49.37,19.11,6.25,24.47,80856.336,45.66,31.1,42701.963,46.08,52.3,71.57,58.89,2.47,4.44,2798.0,1270.0,81831.0,50284.0,11.71
Wijchen,0.4,0.4,0.37,7.15,11.37,3.99,47.21,27.07,18.65,44.15,53.89,42.49,69.88,26.0,73.01,18.54,45.71,47.11,52.98,36.8,41.39,9.37,70.25,6.09,71.92,74.1,19.03,18.15,600.0,0.71,52.36,38.7,5.16,25.22,19.23,46.02,86.31,23.23,976.0,1.06,56.94,87.12,75.12,19.22,,23.8,7.47,13597.0,2.29,88.0,6.31,47.31,75.25,37074.0,49.7,20.98,5.18,16.14,93391.536,52.86,31.0,49093.897,52.3,49.1,71.84,58.94,1.87,4.62,5378.0,945.0,90936.0,53862.0,19.2
Winterswijk,0.75,0.75,0.75,6.89,10.78,5.95,47.63,10.94,26.95,63.32,56.1,42.54,71.5,24.0,72.53,18.08,43.03,48.92,55.87,57.9,42.94,8.21,72.06,18.2,68.22,74.1,16.64,18.6,618.0,1.01,42.7,64.5,5.36,14.16,25.35,59.46,87.77,14.65,850.0,1.42,52.2,82.45,72.27,13.09,,23.1,6.05,13676.0,1.97,88.98,6.82,43.25,75.34,22706.0,47.77,20.05,6.25,20.54,85411.3,48.19,31.2,45564.789,49.11,60.4,73.89,59.24,1.72,4.27,4394.0,1235.0,78492.0,55786.0,13.82
Woerden,0.54,0.44,0.4,6.37,9.23,6.38,53.36,33.81,16.49,37.3,57.68,49.04,73.44,25.0,76.71,24.34,53.01,54.36,57.33,34.1,48.67,8.11,73.82,13.12,75.35,77.7,24.69,24.34,592.0,0.52,50.98,36.4,6.54,33.69,16.12,37.67,86.59,20.79,897.0,0.73,60.41,87.88,76.38,21.57,0.34,23.7,6.5,13870.0,2.17,89.71,6.64,49.01,75.1,39994.0,48.83,21.99,3.74,13.17,98394.998,56.65,31.9,52419.488,55.74,43.7,73.49,56.84,0.94,4.73,4551.0,899.0,127582.0,87588.0,20.4
Zaanstad,0.66,0.57,0.49,6.92,12.45,15.51,37.02,21.93,25.26,49.95,45.71,35.57,62.39,26.0,62.9,11.72,44.65,37.64,44.97,30.0,35.04,18.33,62.38,5.65,66.89,63.53,16.4,11.67,776.0,0.79,38.25,31.9,15.19,23.82,24.06,48.73,83.38,14.89,1061.0,1.2,46.26,81.75,84.25,13.65,0.4,23.8,7.9,13270.0,3.87,84.46,3.37,37.21,68.5,35236.0,51.78,20.54,4.89,18.63,88849.064,50.3,31.5,47330.329,50.2,43.0,70.48,59.72,2.49,5.8,2213.0,997.0,85142.0,49906.0,14.39
Zaltbommel,0.87,0.84,0.81,6.0,10.24,5.71,48.16,22.35,21.89,52.15,57.41,46.38,70.56,25.0,74.29,19.44,44.23,48.85,57.34,41.2,46.17,8.28,71.38,17.46,69.91,75.46,18.25,20.0,900.0,0.78,42.52,39.2,3.91,23.63,21.13,50.87,84.25,18.92,1131.0,0.61,49.13,84.8,76.38,15.53,0.87,24.0,6.5,11953.0,3.15,87.2,6.5,36.14,78.36,43717.0,50.42,20.58,5.58,20.55,92027.571,52.22,30.6,46722.832,49.67,46.7,72.57,60.64,1.29,4.76,3858.0,1034.0,156286.0,112569.0,13.63
Zeewolde,0.59,0.59,0.49,5.55,9.67,2.59,49.16,25.94,16.87,42.93,59.25,43.48,75.03,25.0,76.69,18.51,51.94,49.47,58.04,35.6,43.43,17.14,75.08,8.52,79.93,77.41,19.22,18.21,541.0,0.93,49.79,37.9,5.85,27.43,19.01,44.51,88.56,21.37,1139.0,0.78,59.18,85.6,64.07,19.45,0.55,22.6,8.59,12667.0,3.54,87.65,5.48,45.97,73.61,39167.0,49.3,21.55,4.91,15.14,103683.207,55.65,31.8,51549.593,54.09,47.0,70.78,56.61,1.18,5.8,4775.0,1067.0,237148.0,197981.0,17.08
Zeist,0.46,0.31,0.29,5.4,10.41,11.7,57.05,49.24,19.15,33.35,64.11,53.66,78.81,26.0,81.95,26.35,61.96,57.39,63.57,37.3,52.71,17.93,79.43,6.18,84.87,82.44,33.53,26.0,581.0,1.2,63.41,41.1,9.07,49.94,16.72,30.94,90.05,34.17,998.0,1.75,63.89,83.49,56.72,31.84,0.57,22.0,9.63,12805.0,2.94,80.11,7.19,45.45,56.71,41221.0,53.28,21.91,4.86,17.37,90866.91,49.14,31.2,48742.861,49.97,43.2,67.79,58.72,3.18,6.92,5148.0,1081.0,104904.0,63684.0,21.52
Zevenaar,0.46,0.43,0.38,7.05,11.11,3.03,46.52,18.21,22.0,55.01,54.81,41.18,71.7,25.0,74.37,15.58,43.93,46.81,53.49,39.6,39.14,9.24,71.14,15.76,73.11,74.88,16.52,15.42,647.0,0.69,39.64,40.9,3.83,18.81,22.08,52.21,86.07,14.05,1003.0,0.95,50.5,81.14,71.95,14.51,0.69,23.6,7.62,16272.0,2.69,87.04,4.83,42.13,71.75,16782.0,52.3,20.1,5.76,21.83,86672.337,49.96,31.3,46358.787,50.12,48.3,72.96,59.64,2.42,5.39,3275.0,1103.0,62069.0,45287.0,15.56
Zoetermeer,0.58,0.46,0.4,7.25,12.42,18.27,47.92,25.71,27.02,48.05,55.43,43.23,70.96,25.0,73.54,18.85,45.49,48.2,54.83,31.0,42.76,12.12,70.86,11.0,73.63,74.06,18.72,18.68,879.0,0.95,43.35,33.1,18.34,27.95,25.43,46.4,85.06,19.89,1026.0,1.67,51.75,79.8,77.99,17.25,1.03,23.6,7.05,14949.0,2.41,87.77,4.13,47.95,68.18,24505.0,51.91,21.58,4.67,15.98,94812.678,53.96,31.9,51454.87,54.42,43.6,72.87,60.61,1.9,5.07,2306.0,944.0,68282.0,43777.0,18.43
Zuidplas,0.59,0.51,0.44,6.49,9.95,6.24,52.09,32.48,15.13,36.94,57.84,46.91,72.08,26.0,76.69,21.85,55.52,52.02,57.12,32.0,46.13,13.9,72.27,6.13,81.48,77.95,22.9,21.99,727.0,1.21,53.51,33.7,12.45,30.56,20.26,42.72,90.39,24.52,911.0,1.26,56.73,84.29,78.71,19.91,0.51,23.7,6.04,15088.0,1.17,89.69,6.92,48.89,73.79,38605.0,51.32,22.45,3.78,13.45,98619.268,56.18,31.8,53656.421,55.25,46.3,73.7,58.57,1.38,4.61,5993.0,903.0,132632.0,94027.0,19.96
Zutphen,0.52,0.46,0.41,6.26,11.8,4.97,46.19,22.54,24.91,50.97,54.56,42.5,74.9,26.0,74.01,17.5,47.45,46.11,53.07,33.3,41.11,14.22,74.13,9.55,74.47,73.61,20.57,17.31,691.0,1.4,46.27,35.9,4.14,25.98,21.57,47.1,87.09,21.88,1160.0,1.96,52.98,81.32,62.08,19.69,0.77,22.3,9.21,13960.0,3.28,82.9,3.45,45.59,64.51,25647.0,48.87,20.27,7.11,21.54,83966.918,47.08,30.5,44649.51,47.31,45.7,70.38,58.64,3.67,6.87,1874.0,1089.0,53905.0,28258.0,18.89
Zwartewaterland,0.93,0.89,0.66,5.2,8.13,0.99,46.54,14.71,20.5,57.77,54.38,46.4,69.0,24.0,72.82,17.66,39.65,46.26,54.58,36.7,45.52,6.87,68.08,14.14,68.86,72.51,13.48,16.95,746.0,1.13,34.43,37.0,2.25,16.5,23.07,57.36,85.94,11.85,1030.0,0.93,45.16,86.83,77.21,10.78,,23.8,5.22,9636.0,1.4,88.52,4.01,32.73,79.4,33847.0,45.78,20.11,5.48,19.54,89425.672,49.9,29.9,45025.496,47.35,47.1,73.11,55.68,0.97,3.89,3415.0,965.0,183332.0,149485.0,10.63
Zwijndrecht,0.46,0.41,0.29,7.22,11.81,14.39,42.33,20.86,27.14,54.29,52.7,41.85,64.43,24.0,68.46,14.56,41.15,41.07,51.8,28.1,40.55,15.74,63.04,9.84,71.49,68.07,15.98,13.57,706.0,0.94,41.09,30.0,12.15,25.29,23.32,47.44,82.4,19.47,849.0,1.33,48.75,81.78,80.13,15.14,0.53,23.6,7.46,13543.0,2.64,87.61,4.81,42.3,73.71,24423.0,52.01,21.17,4.01,15.9,92721.207,53.15,31.6,50549.909,53.57,43.8,72.97,63.18,1.82,5.05,3733.0,1045.0,76620.0,e,0.52,0.42,0.37,6.01,9.62,6.55,48.86,26.72,19.26,43.81,55.48,44.24,74.51,25.0,75.96,19.08,49.75,49.38,55.18,33.4,43.69,15.49,74.73,8.18,78.83,76.62,20.1,19.08,655.0,1.25,49.01,36.0,4.78,26.16,18.64,45.21,87.99,21.08,983.0,1.78,57.14,81.31,63.38,22.08,0.9,22.5,8.04,12818.0,2.42,84.58,4.66,46.04,64.28,31985.0,50.51,20.51,5.8,20.4,87205.133,48.48,30.3,45787.893,48.61,44.7,69.26,58.09,3.32,5.91,3313.0,1038.0,100332.0,68347.0,18.8
Aa en Hunze,,,,6.15,8.96,0.5,47.92,25.79,19.07,45.17,53.85,44.18,73.61,20.0,73.07,19.87,49.58,49.47,53.67,51.2,43.96,12.54,73.46,8.39,75.96,73.68,24.32,21.52,668.0,1.1,45.06,55.2,3.02,23.86,21.88,48.48,88.41,20.16,963.0,0.82,59.29,87.01,61.09,19.39,,22.6,7.41,15762.0,2.15,87.73,7.25,48.61,73.92,25914.0,52.27,20.15,6.53,22.26,86414.365,49.12,30.9,45185.205,48.74,56.6,70.62,57.21,1.91,5.18,4131.0,1130.0,72602.0,46688.0,19.2
Aalsmeer,,,,7.0,9.55,6.38,53.79,38.82,14.75,33.56,62.26,50.48,75.34,25.0,78.86,21.97,49.71,53.76,61.16,36.1,49.36,8.35,74.64,11.52,78.86,79.4,20.18,21.88,706.0,,53.69,38.3,7.87,38.51,17.0,35.79,89.38,24.83,936.0,,62.06,86.66,80.24,21.15,,24.4,6.99,8617.0,1.63,89.57,5.93,39.71,73.81,59709.0,52.34,20.8,4.2,16.23,94274.165,53.91,31.5,49945.404,52.93,45.0,71.28,57.99,,4.98,3326.0,791.0,142857.0,83148.0,13.59
Alphen-Chaam,,,,7.58,9.54,1.44,52.27,28.6,11.9,41.22,59.51,49.74,75.1,24.0,79.12,19.0,51.99,52.23,60.07,99.1,47.85,13.35,74.92,11.28,81.96,79.53,21.49,18.99,741.0,,50.92,61.6,5.92,31.44,18.5,41.79,87.81,21.2,685.0,,58.16,89.24,81.94,15.1,,24.1,5.4,8749.0,,92.8,14.0,53.4,82.96,75233.0,48.2,21.63,4.56,14.15,98636.714,57.58,31.2,51135.251,54.45,71.5,75.06,60.0,,3.2,8033.0,841.0,195379.0,120146.0,17.6
Ameland,,,,11.56,6.03,0.66,41.12,10.61,28.18,70.22,50.68,37.52,64.99,15.0,72.64,13.88,34.34,40.36,49.31,38.7,34.72,7.83,62.5,18.07,67.47,69.88,9.04,12.65,694.0,,26.7,43.4,1.67,13.81,27.72,61.88,82.04,7.77,680.0,,48.48,86.15,41.13,9.52,,21.5,5.45,10938.0,,90.59,9.9,38.61,80.1,55974.0,44.55,18.54,6.87,25.62,88457.321,48.2,30.9,44771.094,47.96,52.7,71.88,59.41,,,5745.0,1131.0,158204.0,102230.0,7.43
Baarle-Nassau,,,,6.06,10.1,1.24,55.07,20.47,16.05,44.47,61.03,49.6,84.51,25.0,79.76,18.01,56.02,56.38,59.09,43.9,50.0,10.11,85.06,11.7,81.68,81.91,19.37,18.62,497.0,,45.7,42.4,6.35,31.23,20.0,43.17,83.44,19.21,882.0,,55.93,84.07,83.7,14.07,,24.7,5.24,9016.0,,93.63,19.1,43.45,80.31,79581.0,51.69,21.08,,17.51,99963.718,57.5,32.4,51234.258,54.33,57.0,77.88,51.31,,,12281.0,726.0,232331.0,152750.0,16.1
Baarn,,,,6.67,10.84,6.66,55.77,42.62,17.4,37.56,62.77,51.04,77.96,26.0,79.04,23.51,60.42,56.24,62.24,34.9,49.87,18.84,77.86,5.06,87.71,79.57,29.81,23.23,677.0,,59.48,38.3,7.62,40.87,16.83,36.52,89.91,28.98,987.0,1.25,63.52,85.13,65.42,27.4,,23.0,8.38,13203.0,1.96,87.52,7.75,45.45,66.79,49480.0,49.73,21.54,6.15,18.79,95406.539,52.88,30.9,50975.049,51.91,41.7,69.46,59.89,1.69,6.51,5430.0,860.0,105718.0,56239.0,19.7
Beek,,,,6.04,11.28,4.2,44.71,27.09,19.67,44.97,50.84,45.16,76.04,26.0,74.45,16.57,47.93,46.48,51.36,44.5,45.41,13.7,74.19,11.35,74.44,75.39,18.23,16.6,871.0,,46.99,45.0,4.65,25.68,20.73,46.38,83.56,23.26,994.0,1.83,62.46,85.17,71.82,20.93,,23.6,8.91,13315.0,3.34,87.75,5.57,53.84,75.91,27804.0,48.27,22.09,4.42,17.85,96559.005,54.92,31.9,51835.935,54.51,56.4,72.86,59.78,1.24,6.93,3460.0,1098.0,77999.0,50194.0,21.78
Beesel,,,,6.12,9.8,7.41,38.55,17.13,22.75,57.7,47.26,40.89,54.33,33.0,66.58,15.12,39.86,38.46,47.01,42.0,40.8,12.61,53.44,11.75,74.87,66.03,15.44,14.74,839.0,,42.18,43.6,11.37,16.34,24.67,56.32,85.11,17.02,1025.0,1.45,53.53,80.98,79.22,16.12,,24.1,4.53,7839.0,2.27,89.42,6.68,39.29,75.45,27127.0,51.26,19.75,6.6,21.55,88950.556,50.78,31.3,46699.108,50.67,54.7,73.31,59.57,2.02,3.53,4288.0,1249.0,125058.0,97931.0,13.73
Bergeijk,,,,6.81,10.84,1.35,47.16,23.53,15.96,48.26,52.43,45.02,67.43,27.0,72.38,17.99,42.51,48.28,52.75,47.7,44.59,10.16,67.39,14.51,71.06,73.22,15.49,18.73,837.0,,40.33,51.5,1.88,28.05,17.24,43.57,84.9,16.18,953.0,,53.24,86.6,80.03,14.32,,24.5,5.78,10120.0,2.29,92.15,10.58,46.24,83.65,67694.0,50.05,21.37,3.96,13.61,98543.362,56.59,31.3,52379.307,55.35,55.9,74.64,58.78,,4.58,8598.0,964.0,183138.0,115443.0,16.79
Bergen (L.),,,,5.48,12.58,4.23,53.74,12.85,23.77,61.31,61.58,50.82,79.2,24.0,79.37,22.36,35.2,52.79,61.28,42.9,50.97,5.59,78.27,26.67,61.4,79.4,10.6,21.89,516.0,,37.58,49.3,5.24,19.53,21.09,52.61,87.25,12.62,866.0,,43.69,84.16,78.09,11.63,,23.8,7.4,10601.0,3.4,88.76,5.33,38.46,73.16,31101.0,49.11,19.65,6.17,20.99,86735.874,49.79,30.8,45798.571,49.07,52.2,76.19,58.73,,5.03,2885.0,1651.0,85334.0,54233.0,9.76
Bergen (NH.),,,,5.6,8.58,1.49,53.74,34.88,16.93,39.66,62.52,47.59,79.21,25.0,78.3,21.06,52.27,53.52,61.31,45.2,46.83,14.1,78.85,10.57,81.78,78.61,22.94,20.63,498.0,,56.82,45.3,4.14,32.18,17.35,40.22,91.1,27.34,935.0,,61.48,88.3,69.2,27.04,,23.3,8.62,14019.0,2.02,89.43,9.53,50.39,72.72,59469.0,49.15,21.66,3.98,15.85,93576.867,53.1,31.1,49469.694,52.3,46.2,70.89,52.68,0.98,5.55,11167.0,960.0,177714.0,118244.0,20.69
Best,,,,6.88,11.49,4.49,52.45,37.87,12.87,34.33,59.95,49.06,78.69,27.0,75.13,21.06,52.57,52.53,59.16,36.7,48.81,10.33,78.21,8.16,78.79,75.72,19.57,20.95,614.0,0.91,50.5,38.3,3.63,34.2,14.32,36.66,89.16,21.99,1144.0,0.84,60.54,87.46,78.71,19.44,,23.7,8.11,14273.0,2.64,89.38,7.37,48.01,75.99,40840.0,53.55,20.93,4.61,15.87,104750.584,53.24,31.2,48851.042,52.56,47.9,74.34,63.83,1.56,5.75,5553.0,1013.0,213930.0,173090.0,17.65
Beuningen,,,,6.11,10.84,2.4,43.98,27.31,16.51,43.8,50.5,41.06,64.25,26.0,70.97,15.9,44.87,45.44,50.63,40.0,40.82,12.86,64.08,7.85,73.21,71.81,17.08,15.78,832.0,1.06,49.38,40.9,10.89,23.98,24.92,50.18,86.1,19.93,929.0,0.68,58.28,84.95,71.53,19.91,,23.6,7.73,14898.0,2.87,88.03,5.88,48.22,72.92,31086.0,48.7,21.17,5.02,17.87,91605.775,51.74,31.7,49248.648,52.41,49.5,73.64,57.11,1.98,5.27,4750.0,867.0,93663.0,62578.0,18.67
Bladel,,,,7.22,9.64,0.71,49.84,22.08,16.68,46.42,58.72,47.64,66.4,26.0,75.69,21.72,45.75,50.17,59.23,42.1,47.07,6.93,66.67,15.7,75.28,76.7,15.44,22.72,556.0,,41.94,44.2,1.03,23.06,16.87,46.52,86.88,17.52,1315.0,,53.9,89.2,80.54,14.34,,24.1,6.15,7627.0,2.61,91.71,10.24,44.79,80.0,62511.0,49.16,20.72,4.49,17.52,91630.3,52.9,31.5,48235.563,52.05,52.6,77.11,56.24,1.02,4.93,5888.0,845.0,156622.0,94111.0,16.39
Blaricum,,,,6.77,8.98,5.11,66.8,49.01,15.51,30.82,73.07,57.28,84.57,24.0,88.83,28.08,72.75,67.2,71.28,50.8,56.42,18.88,83.78,7.71,92.03,89.42,30.59,28.84,507.0,,69.13,54.0,6.17,46.59,15.89,31.4,92.94,41.54,768.0,,78.15,90.76,57.9,41.74,,23.0,6.32,21366.0,1.93,89.82,14.04,57.72,67.79,61690.0,50.88,23.35,4.55,13.84,110355.299,60.66,31.8,55285.748,56.81,42.7,66.53,57.19,,4.21,16962.0,1019.0,237444.0,175754.0,32.11
Bloemendaal,,,,5.71,7.83,1.47,65.32,63.89,9.55,19.05,65.94,61.66,85.41,26.0,86.71,28.06,76.73,64.42,63.69,46.0,61.25,24.24,85.96,2.05,94.64,86.51,43.27,27.86,745.0,,80.0,51.1,6.19,53.88,12.15,25.86,96.9,47.59,874.0,,78.77,90.01,54.08,47.93,,22.4,9.32,12619.0,1.9,88.11,20.36,65.65,70.36,101821.0,54.33,24.59,3.78,11.21,113440.263,59.96,31.9,59292.561,60.27,46.5,68.42,58.14,,6.95,26125.0,1105.0,240266.0,138445.0,38.34
Boekel,,,,5.95,10.59,1.06,46.19,16.96,18.98,51.49,54.53,46.32,72.01,25.0,73.94,18.58,39.48,45.57,53.22,41.5,44.8,7.05,72.28,14.94,70.54,73.61,13.03,19.59,464.0,,42.53,44.2,2.8,18.66,20.97,52.37,85.2,15.37,829.0,,51.87,89.07,82.43,12.59,,24.5,4.02,9798.0,,91.54,16.07,47.99,80.65,80195.0,46.93,21.16,4.09,13.04,94728.567,55.19,31.9,50694.97,54.45,56.4,73.15,57.51,,,11715.0,808.0,191771.0,111576.0,18.18
Borger-Odoorn,,,,6.83,8.78,1.02,46.73,16.56,26.21,58.46,54.55,45.08,70.52,22.0,72.41,20.54,45.14,47.36,55.79,40.6,45.34,9.22,71.28,15.47,69.61,73.63,17.15,21.1,830.0,1.38,37.4,44.0,2.37,15.58,27.92,59.07,84.02,15.15,894.0,1.21,48.41,82.76,65.77,11.73,,22.8,6.65,16280.0,2.26,85.98,4.09,40.91,74.0,16831.0,51.13,19.36,6.16,24.0,82407.569,46.29,30.2,43309.619,46.48,55.6,69.4,60.26,3.07,5.11,2541.0,882.0,67583.0,50752.0,13.81
Borne,,,,7.92,8.34,3.43,45.16,25.7,20.78,45.4,54.78,43.99,70.39,23.0,74.12,15.42,47.68,45.74,54.19,39.2,43.6,12.36,70.44,12.15,74.18,74.32,18.3,15.9,653.0,1.28,47.72,41.6,6.76,25.33,21.89,47.47,87.25,18.38,1125.0,,60.13,85.13,72.05,19.83,,22.9,5.91,13583.0,2.0,90.18,6.34,55.17,73.16,30025.0,48.74,21.87,5.05,18.06,95039.939,54.17,31.2,50919.847,53.39,50.2,73.66,57.17,1.74,3.74,4322.0,982.0,98014.0,67989.0,23.02
Boxtel,,,,6.3,12.79,6.54,57.47,26.46,18.85,43.91,68.15,56.04,81.46,23.0,81.39,27.17,50.38,57.84,67.79,39.2,55.73,7.11,81.74,17.01,75.77,82.25,21.14,27.77,652.0,1.22,49.32,39.2,5.41,27.18,19.81,45.0,86.62,21.7,865.0,1.31,56.15,82.84,72.9,19.83,,23.4,7.39,11198.0,3.23,86.8,7.17,47.37,71.32,37138.0,52.79,20.83,5.34,19.23,93792.506,52.75,31.7,50030.629,52.35,48.6,72.76,60.57,1.2,4.93,5744.0,872.0,121566.0,84429.0,17.96
Brummen,,,,7.68,10.1,3.56,45.8,22.58,17.41,48.89,50.81,42.56,67.72,21.0,70.09,17.46,39.95,44.0,47.56,33.5,40.24,12.99,65.55,12.86,69.92,69.45,15.8,16.48,492.0,,42.28,35.6,6.26,23.32,23.25,50.48,86.42,16.98,867.0,,49.21,81.01,70.86,14.1,,23.0,8.67,13196.0,2.78,84.48,5.64,39.64,67.23,22455.0,51.43,19.94,5.93,19.85,85305.311,48.25,30.9,44655.602,47.62,44.8,72.28,56.37,2.08,5.72,4383.0,979.0,66653.0,44198.0,13.62
Bunnik,,,,4.38,7.45,2.87,59.5,51.45,10.06,23.96,64.51,54.92,81.95,24.0,82.31,30.76,66.95,60.09,63.14,33.6,53.97,16.08,81.48,5.01,87.15,82.92,34.75,30.63,851.0,,66.05,36.6,7.77,48.72,14.94,29.84,92.65,36.65,1172.0,,72.33,91.29,60.68,36.06,,22.9,9.24,12769.0,1.87,90.63,9.24,61.58,74.76,57341.0,49.53,23.77,2.39,10.83,105334.569,59.54,31.8,56873.614,59.07,46.1,67.52,54.75,1.47,6.43,5487.0,857.0,154080.0,96740.0,31.19
Castricum,,,,5.66,7.66,2.01,53.13,37.88,11.03,32.17,59.02,49.95,78.67,25.0,78.09,19.66,52.06,53.29,58.1,32.8,49.26,11.24,77.66,12.03,81.88,78.83,21.91,19.31,518.0,,60.24,34.9,2.06,38.26,11.75,31.43,91.95,25.84,839.0,0.8,64.33,87.84,77.55,23.85,,23.6,6.81,13286.0,1.69,90.99,8.39,57.77,76.61,52889.0,49.1,22.83,3.27,12.48,100897.555,56.9,31.8,54041.973,56.73,43.5,70.89,54.05,0.68,4.73,5855.0,880.0,146566.0,93677.0,23.82
Cranendonck,,,,7.66,10.92,2.43,54.25,24.67,15.21,43.95,64.01,51.41,77.06,26.0,77.62,27.22,45.59,54.26,63.48,42.4,50.37,6.19,76.59,19.59,75.11,77.65,21.42,26.62,668.0,,45.34,44.2,5.82,26.25,18.51,45.77,86.26,18.74,1321.0,,54.3,82.47,81.28,16.43,,23.8,6.2,9924.0,,91.83,12.7,51.18,80.26,53312.0,50.79,21.92,3.46,14.76,96523.28,55.81,32.5,53515.53,56.12,55.2,77.05,56.5,1.08,4.92,7790.0,954.0,135285.0,81973.0,18.01
Dantumadiel,,,,7.0,9.0,0.77,48.47,8.55,33.46,70.63,58.95,46.1,74.43,20.0,76.03,19.16,41.15,49.61,59.37,38.0,45.83,9.67,75.12,23.4,72.97,76.89,13.39,19.97,646.0,1.78,33.74,39.5,0.71,11.45,30.2,65.86,86.94,10.38,1198.0,0.93,46.73,83.29,77.09,9.51,,23.7,5.4,10757.0,2.3,86.32,2.88,36.65,74.47,22054.0,47.95,19.06,6.61,22.34,79592.281,44.86,29.0,40175.918,43.55,48.1,73.64,56.52,3.02,4.18,1642.0,891.0,68128.0,46074.0,11.16
Doesburg,,,,7.52,13.93,8.72,37.65,19.15,29.17,56.63,42.75,33.12,65.76,26.0,66.78,12.0,38.82,38.0,43.03,32.7,32.73,17.86,66.97,8.57,66.89,68.17,16.67,12.11,970.0,,41.47,35.7,6.38,20.08,26.0,54.65,83.98,16.17,1035.0,1.9,49.14,79.15,68.39,15.27,,22.9,11.27,19615.0,3.94,81.93,3.04,39.36,62.66,13933.0,52.59,20.18,7.32,25.4,80351.996,43.72,31.1,44720.874,46.94,46.7,70.71,61.18,3.4,8.41,2764.0,798.0,48485.0,34552.0,15.74
Drimmelen,,,,6.53,10.8,1.94,57.28,29.2,14.22,41.22,66.58,55.98,77.55,23.0,79.9,25.27,45.17,57.8,64.99,35.9,55.2,7.06,76.74,22.1,76.43,78.75,16.67,25.28,568.0,,41.94,38.4,5.17,26.56,18.6,45.57,84.28,17.35,1357.0,,51.1,86.13,78.42,15.47,,23.9,5.89,12099.0,1.89,91.1,8.55,48.28,80.23,42968.0,50.67,21.35,4.82,15.04,97011.523,56.93,32.0,51861.336,55.6,47.7,75.06,60.48,0.7,4.41,8195.0,1042.0,134806.0,91838.0,18.22
Duiven,,,,7.15,10.91,3.96,46.78,22.72,18.8,46.42,50.85,45.65,70.22,24.0,74.41,16.2,41.2,47.81,49.47,35.4,44.31,7.91,69.28,16.98,68.17,74.98,15.52,16.62,596.0,0.92,46.6,38.0,5.08,23.17,20.69,47.2,88.58,16.77,1436.0,0.9,58.12,84.06,71.44,17.72,,23.3,9.15,18594.0,2.53,86.76,4.91,47.99,72.95,17563.0,51.71,21.22,5.07,16.97,92308.568,52.58,31.1,49527.141,52.47,46.6,72.0,57.44,2.68,5.95,3289.0,1055.0,56374.0,38811.0,18.6
Echt-Susteren,,,,7.38,11.63,2.56,54.95,25.33,20.5,45.49,62.14,51.39,77.41,27.0,79.94,24.43,53.88,55.64,61.35,44.3,50.92,12.62,76.52,11.31,82.48,80.39,25.18,25.52,902.0,,51.42,46.3,3.72,26.34,19.82,44.75,83.63,24.65,1132.0,1.15,59.15,82.06,76.5,21.65,0.84,23.8,7.32,10051.0,3.53,87.05,7.12,50.58,78.56,36168.0,52.88,20.96,5.87,18.83,92884.361,53.41,32.0,49391.001,52.49,56.6,72.7,59.53,1.63,4.95,3756.0,1009.0,88854.0,52686.0,19.73
Eemnes,,,,5.42,11.32,2.95,56.8,34.09,17.45,39.06,59.62,49.92,77.56,23.0,80.79,23.57,55.99,57.36,58.51,37.0,49.55,12.97,78.21,11.72,84.79,80.8,19.12,23.94,827.0,,53.01,41.5,7.1,37.48,19.6,38.58,88.92,25.0,911.0,,60.23,87.62,71.12,20.63,,23.5,7.85,12941.0,2.24,90.65,9.16,55.14,72.02,56445.0,50.47,23.25,3.78,12.67,103844.863,57.92,31.8,54725.982,55.72,46.5,68.89,58.88,,5.05,6736.0,1257.0,143979.0,87534.0,28.6
Eersel,,,,6.09,11.58,2.06,54.83,32.84,15.84,40.0,60.13,52.75,73.21,25.0,79.3,23.88,50.07,54.66,60.71,47.1,53.12,6.69,73.02,13.23,77.48,79.69,20.76,23.09,651.0,,48.26,49.9,1.94,29.72,16.29,42.42,91.39,22.82,1219.0,,56.53,88.05,75.08,18.56,,23.8,5.09,10768.0,1.7,92.93,10.18,51.84,80.82,54746.0,50.14,21.85,3.18,12.71,99317.665,56.39,32.0,52561.407,55.79,54.0,74.8,59.47,,3.49,8887.0,928.0,174380.0,119634.0,19.79
Eijsden-Margraten,,,,7.24,10.42,1.71,56.7,34.28,12.84,34.68,61.05,54.37,78.01,25.0,81.85,24.14,57.71,57.88,59.41,45.4,53.5,9.17,77.92,7.95,82.41,82.66,27.59,25.64,662.0,,54.28,49.0,5.11,29.94,22.26,44.98,82.81,24.58,867.0,,62.81,86.63,69.47,23.94,0.62,23.0,8.85,13154.0,2.95,87.27,10.4,54.19,73.09,37306.0,45.89,21.47,4.39,17.64,93435.06,52.8,32.3,51662.77,54.58,54.8,70.92,60.48,2.72,7.45,6136.0,892.0,100638.0,63332.0,23.14
Geertruidenberg,,,,8.24,10.71,3.72,50.86,24.78,17.29,45.65,62.05,43.75,71.33,24.0,78.01,19.74,41.32,51.09,61.2,35.7,42.58,5.16,71.01,18.12,70.66,78.47,17.14,20.05,483.0,,39.39,38.1,3.29,24.12,16.93,46.51,87.41,16.06,1182.0,,46.14,82.51,75.94,14.94,,24.1,5.84,14947.0,2.53,89.72,4.09,41.81,76.76,25160.0,50.87,20.51,4.57,19.0,89808.031,51.32,31.8,49755.18,52.5,47.9,74.25,63.68,1.83,4.36,2587.0,1076.0,88611.0,63451.0,14.63
Gulpen-Wittem,,,,5.62,11.83,1.54,57.83,20.18,23.15,53.39,63.18,53.77,78.88,25.0,81.8,25.06,50.0,58.74,63.74,48.0,54.39,9.25,78.95,19.71,81.1,81.8,24.16,25.49,529.0,,53.85,48.1,3.13,24.32,21.09,48.22,84.31,23.38,929.0,,62.6,88.17,68.77,22.11,,23.9,6.66,12431.0,2.94,88.35,11.01,51.98,74.64,36467.0,49.42,20.63,4.68,19.5,92647.067,52.47,31.8,48167.736,52.31,56.9,75.2,59.8,1.54,4.87,7524.0,1486.0,112506.0,76038.0,20.74
Haaksbergen,,,,6.13,8.11,4.06,48.94,22.48,18.22,47.79,60.86,47.73,73.79,25.0,76.88,17.62,49.09,49.56,60.21,49.3,47.13,11.13,73.62,12.79,75.41,77.22,19.67,17.23,662.0,1.17,40.93,37.4,3.51,19.34,21.13,51.93,85.77,17.38,1020.0,1.03,58.63,86.64,73.15,16.93,,23.5,5.56,11798.0,2.78,89.1,8.73,47.91,75.12,30158.0,47.84,20.65,5.61,19.19,89447.79,51.69,31.2,47025.815,50.89,48.5,72.4,57.65,1.7,3.63,6348.0,1111.0,110994.0,80836.0,17.0
Halderberge,,,,7.23,11.23,8.31,52.01,23.69,19.77,47.29,59.08,46.87,74.85,23.0,76.39,21.68,42.82,52.32,58.78,38.7,46.11,6.41,75.11,17.83,70.65,76.99,17.32,21.24,642.0,,44.09,40.5,9.72,22.96,21.14,49.25,87.48,16.29,1412.0,,54.85,85.43,78.35,15.11,,23.6,6.35,12829.0,2.61,88.86,8.34,43.93,75.81,41171.0,51.59,21.39,4.48,16.54,94264.789,53.65,31.8,50170.119,53.26,48.5,71.4,61.92,1.68,4.54,5617.0,1036.0,125211.0,84040.0,14.75
Harlingen,,,,6.75,8.77,2.51,52.81,13.34,32.47,63.53,63.45,53.1,74.09,21.0,77.32,22.68,48.77,54.31,64.23,39.3,53.75,7.08,73.97,10.15,74.46,78.77,20.46,23.38,520.0,,34.77,45.3,2.45,14.56,28.67,59.71,83.26,13.06,795.0,1.47,37.49,76.73,64.36,10.03,,21.5,8.14,13574.0,1.57,85.2,3.43,37.35,69.09,16067.0,48.63,19.66,7.61,22.58,81372.72,44.4,30.7,44142.58,46.85,50.0,70.55,56.67,4.61,5.1,1681.0,1222.0,62853.0,46786.0,12.25
Hattem,,,,6.64,8.66,2.37,54.32,24.54,16.08,47.7,67.14,50.63,79.98,25.0,78.95,21.52,47.57,54.67,66.82,33.3,50.11,11.5,79.68,12.92,77.55,78.84,23.12,21.69,581.0,,46.09,38.7,3.46,25.64,17.98,45.19,88.75,19.68,940.0,,56.31,85.18,68.94,20.49,,22.9,5.85,11709.0,2.0,90.16,7.28,50.5,74.09,34906.0,46.79,21.58,4.1,17.26,93833.242,52.88,30.6,49703.966,51.09,45.6,71.45,53.21,,4.14,3652.0,747.0,98310.0,63404.0,18.54
Heemstede,,,,6.27,8.04,3.49,64.55,64.46,11.03,20.79,60.48,61.62,84.33,30.0,86.85,27.93,77.7,65.98,58.92,37.7,60.41,24.28,84.78,3.08,95.08,88.26,46.97,30.2,589.0,,77.47,40.3,8.22,51.82,14.22,27.98,96.41,46.73,910.0,,78.4,91.27,53.9,43.07,,22.6,7.5,12030.0,1.55,89.23,12.56,65.17,67.85,78163.0,53.1,26.29,2.96,11.56,106507.113,58.72,32.3,58601.603,58.76,43.9,68.87,54.98,1.31,5.22,9714.0,873.0,173516.0,95353.0,37.19
Heerde,,,,5.58,10.46,0.69,44.8,18.87,18.52,51.9,55.17,40.95,71.16,23.0,69.85,16.9,42.42,45.87,55.43,35.5,40.79,14.02,72.2,13.23,72.6,71.43,16.16,16.91,889.0,,44.34,38.2,2.34,20.16,21.01,50.75,87.73,18.06,1036.0,,48.1,85.38,70.85,16.52,,23.4,6.38,11654.0,2.75,88.66,4.96,41.63,73.57,35580.0,47.21,20.03,5.21,20.62,87679.463,50.56,30.5,45073.606,48.71,47.4,74.38,58.1,1.24,4.69,5877.0,1176.0,134609.0,99029.0,15.15
Heeze-Leende,,,,6.4,9.3,1.12,52.74,34.71,10.85,32.17,56.66,47.67,78.58,25.0,76.46,20.98,54.58,54.28,57.02,45.5,47.52,13.01,79.13,6.43,82.68,77.63,20.75,20.72,583.0,,54.53,48.8,3.91,33.13,16.49,39.4,88.11,22.03,866.0,,60.41,86.84,78.24,20.31,,23.9,4.74,11066.0,1.37,92.13,13.23,55.93,79.77,60961.0,49.69,21.6,4.03,14.63,96347.464,55.65,31.8,51561.711,55.07,53.6,75.82,57.93,,3.25,12242.0,1019.0,154613.0,93651.0,23.47
Heiloo,,,,7.06,8.67,1.75,55.87,41.25,10.73,27.07,63.48,51.92,83.55,25.0,80.42,24.03,58.11,57.48,64.29,35.7,52.71,11.63,83.72,10.04,83.01,81.96,27.12,24.88,496.0,,63.08,37.3,3.72,36.38,13.75,34.31,91.8,29.2,1096.0,,70.92,91.39,70.02,28.52,,23.5,7.49,14099.0,2.2,91.42,9.28,57.88,73.72,58443.0,49.3,23.06,3.55,13.0,102067.141,58.11,31.9,55021.637,57.79,45.4,69.27,54.49,1.0,4.89,6810.0,731.0,131452.0,73009.0,26.25
Heumen,,,,5.47,12.22,3.29,55.0,39.05,12.47,29.94,59.68,54.33,78.4,26.0,78.17,23.02,52.57,55.21,58.93,36.2,53.96,10.13,77.9,8.64,81.08,79.61,18.22,21.87,734.0,,56.72,39.0,7.47,31.75,19.74,42.06,88.4,27.16,846.0,,69.21,89.96,64.77,27.2,,22.8,7.14,17333.0,1.45,91.07,11.27,60.94,75.06,43630.0,49.11,23.61,4.08,10.41,104235.211,58.86,31.8,55095.759,57.57,49.1,71.54,54.69,1.23,5.02,6075.0,942.0,104574.0,60944.0,28.01
Hilvarenbeek,,,,7.62,12.6,0.57,50.51,28.37,12.02,36.85,58.04,47.56,73.75,22.0,75.75,20.44,51.46,50.85,58.05,50.5,48.12,13.19,74.49,13.62,80.61,76.77,20.78,20.54,599.0,,49.74,52.7,4.98,28.6,17.27,42.33,88.85,21.05,858.0,,63.68,91.65,74.75,19.11,,24.1,7.38,8977.0,2.06,91.77,11.38,51.69,82.08,57027.0,46.73,21.36,3.46,12.25,95003.708,55.12,32.0,51543.787,55.83,51.5,74.5,54.6,1.21,4.6,8916.0,813.0,163022.0,105995.0,18.89
Hulst,,,,6.59,12.57,2.07,46.29,26.36,17.31,42.53,57.36,41.26,67.79,24.0,75.29,15.7,48.92,47.64,56.97,44.5,41.67,11.1,68.03,9.78,77.49,76.4,11.8,15.81,657.0,,45.2,47.2,4.0,26.89,18.76,43.29,87.05,18.85,1256.0,0.86,53.29,81.69,60.13,15.11,,22.5,7.05,10278.0,1.55,89.78,6.89,44.77,79.67,41423.0,47.71,21.46,3.74,16.99,94600.234,54.23,32.1,50693.864,53.84,51.8,76.1,55.62,1.01,3.72,8106.0,1053.0,112879.0,71456.0,18.59
Kapelle,,,,5.6,8.17,1.04,54.11,23.87,15.65,42.92,62.47,46.99,77.77,28.0,80.65,21.61,53.08,54.85,63.22,35.1,47.12,9.89,78.53,11.32,78.62,82.35,16.92,21.46,682.0,,52.29,36.5,2.98,22.48,19.67,48.4,89.22,22.25,925.0,,58.8,88.5,70.42,19.6,,22.8,5.9,8121.0,,93.0,5.49,45.13,81.08,34760.0,49.25,21.63,4.12,12.36,92497.489,53.72,31.1,49887.395,52.95,46.2,75.62,57.34,,4.25,4168.0,1391.0,97137.0,62377.0,15.78
Landgraaf,,,,8.34,14.84,4.5,44.61,13.81,30.31,60.1,57.49,46.02,66.97,27.0,72.2,18.9,41.2,46.12,57.67,40.7,46.32,9.03,66.18,15.05,70.73,73.32,17.51,19.79,697.0,1.28,42.38,43.3,6.97,14.82,31.95,59.91,80.32,17.21,1379.0,2.25,48.73,79.59,73.97,12.62,,23.2,9.1,13887.0,5.06,83.99,3.67,41.62,70.53,15942.0,53.27,20.3,6.48,23.37,85207.698,47.48,31.8,46170.735,48.87,55.2,71.6,63.39,3.16,7.1,1667.0,1088.0,48246.0,32304.0,15.78
Landsmeer,,,,6.61,7.86,5.63,44.48,40.94,17.9,34.02,44.62,45.11,75.25,24.0,72.67,15.28,59.96,44.2,42.82,35.8,43.68,30.12,75.86,2.47,85.4,73.33,27.65,16.05,575.0,,58.89,37.3,25.13,24.56,33.71,54.63,90.57,29.68,848.0,,60.84,87.31,80.34,25.7,,24.1,7.92,10963.0,2.45,87.92,5.28,47.74,67.94,61954.0,54.53,21.98,2.83,16.75,93707.719,52.62,32.4,51748.193,53.98,43.6,70.05,59.43,2.08,5.66,2859.0,1073.0,128888.0,66934.0,18.3
Laren,,,,4.76,8.76,2.22,69.97,58.32,13.21,27.19,68.74,59.02,81.8,27.0,89.31,31.53,73.59,70.14,68.73,43.5,59.29,13.92,82.6,7.66,93.23,89.12,35.89,30.56,794.0,,75.16,47.1,5.63,51.02,14.19,28.53,95.19,46.63,978.0,,76.94,90.32,54.84,44.84,,22.6,9.2,12681.0,,89.78,14.52,61.76,64.38,103452.0,54.81,25.11,4.68,12.47,112952.473,57.7,32.2,58566.67,57.75,44.4,65.71,58.28,,6.54,15530.0,825.0,338368.0,234916.0,36.4
Leiderdorp,,,,7.13,9.79,8.67,52.7,39.74,15.82,33.24,61.49,47.6,77.51,24.0,77.88,23.14,58.65,53.96,62.16,32.4,47.85,17.14,78.66,4.92,85.34,78.53,27.57,23.93,589.0,,62.41,34.2,10.54,38.45,18.21,37.59,90.24,34.15,912.0,1.07,61.71,84.08,72.17,27.72,,23.2,8.01,13302.0,2.34,88.41,7.42,55.55,70.84,44342.0,50.46,22.68,3.35,13.41,99663.831,55.32,31.7,53214.826,55.47,43.0,71.79,61.38,1.67,5.75,4520.0,911.0,88175.0,43833.0,26.19
Lochem,,,,5.69,9.23,3.03,51.34,25.96,17.08,43.57,57.38,46.86,74.07,24.0,76.19,21.73,52.65,52.77,56.76,41.3,46.02,15.16,73.86,11.41,80.01,77.93,20.13,21.78,638.0,,52.66,44.0,4.05,25.52,19.11,45.89,89.11,25.28,931.0,0.97,58.01,84.27,60.21,21.14,,22.5,7.15,11960.0,2.05,88.51,8.56,53.22,72.04,43317.0,50.29,21.4,4.45,16.95,92881.916,52.73,31.2,48734.003,51.95,49.6,71.47,57.68,2.05,4.98,5405.0,785.0,125148.0,81831.0,22.57
Loon op Zand,,,,8.4,13.51,2.89,53.63,24.57,16.92,45.68,63.26,52.68,77.05,24.0,78.33,23.45,49.16,53.45,62.15,37.3,51.24,10.53,77.21,13.05,78.63,78.86,20.63,22.89,668.0,,47.12,38.8,5.18,24.56,19.31,48.19,87.25,19.09,1149.0,1.14,53.19,83.66,78.75,17.16,,24.0,7.98,11608.0,3.53,88.11,7.98,44.94,73.93,32511.0,52.84,20.77,4.95,18.22,93880.094,53.5,32.2,50298.078,52.87,49.2,74.08,60.74,1.15,5.44,5391.0,908.0,97515.0,65003.0,16.72
Lopik,,,,7.19,8.58,4.0,44.29,19.23,20.16,53.48,48.75,41.58,66.49,21.0,70.55,17.53,44.67,45.42,48.26,32.9,41.11,13.9,66.9,10.89,71.17,71.06,18.17,18.05,812.0,,40.75,34.9,6.79,25.18,18.06,46.12,84.3,17.2,868.0,0.94,47.32,87.11,84.2,14.77,,24.5,5.6,11288.0,2.16,91.09,7.89,39.31,78.89,48088.0,46.82,21.33,2.45,13.04,96754.894,54.82,32.2,50904.624,54.92,43.8,74.85,55.22,,3.56,9232.0,1065.0,186564.0,138476.0,14.38
Losser,,,,7.01,8.65,2.34,50.6,16.94,20.0,53.54,58.0,45.92,71.76,23.0,75.98,18.28,47.02,52.24,56.94,42.2,45.72,7.97,71.53,20.41,67.75,77.43,15.67,18.32,851.0,,39.43,43.9,4.56,19.68,21.85,52.02,86.14,17.36,961.0,0.93,55.35,85.9,76.62,15.01,,24.0,5.52,10870.0,1.92,89.88,6.6,44.56,80.12,38340.0,51.0,20.06,4.83,18.05,88113.62,50.67,31.1,45660.225,49.4,53.8,73.55,57.75,1.3,3.14,5463.0,1037.0,104861.0,66521.0,15.03
Maasdriel,,,,6.74,10.82,1.81,50.58,26.22,18.96,48.02,58.58,50.41,73.99,23.0,76.85,22.82,43.87,50.4,56.73,37.0,48.61,10.1,73.58,19.29,72.84,77.51,18.23,23.49,682.0,,44.27,40.3,7.73,26.3,22.83,48.94,84.78,18.31,870.0,0.8,48.84,83.81,78.78,16.05,,24.6,6.77,11420.0,3.73,87.37,7.76,38.74,77.06,47938.0,48.25,20.83,6.93,19.92,93797.888,54.0,32.1,50408.786,53.33,49.4,70.49,59.21,0.76,4.95,10475.0,940.0,127256.0,79317.0,13.09
Maasgouw,,,,8.56,11.68,1.65,51.57,25.79,15.06,42.26,56.2,46.77,74.9,24.0,78.09,20.16,50.51,50.79,55.07,45.0,45.09,12.96,73.88,13.49,80.64,77.38,22.69,19.71,602.0,,48.82,47.8,4.1,25.15,19.49,45.97,87.14,22.94,1061.0,,56.82,83.47,75.55,19.5,,23.2,6.68,14750.0,3.02,88.02,7.42,47.19,78.17,35612.0,52.81,20.96,6.44,18.83,92648.216,53.03,32.0,49243.834,52.72,57.6,73.56,62.35,1.71,4.32,6611.0,1219.0,103427.0,67814.0,17.85
Meerssen,,,,4.79,11.54,2.05,55.29,34.56,15.1,35.57,60.6,53.8,77.25,27.0,79.9,24.53,57.16,57.8,60.89,42.0,54.89,8.88,78.22,5.73,79.0,80.54,24.2,26.32,666.0,,61.66,44.1,2.66,32.8,17.2,38.88,90.08,29.04,925.0,1.2,62.94,84.5,67.62,24.42,,23.2,7.53,13065.0,4.0,89.16,5.25,54.45,73.21,36567.0,50.46,21.74,4.35,17.15,98988.85,55.48,31.7,53829.93,55.3,55.1,70.18,63.58,,5.82,3095.0,1219.0,94889.0,58322.0,23.52
Midden-Delfland,,,,7.05,7.89,4.31,56.9,39.19,10.79,30.82,64.81,47.75,74.46,25.0,78.62,23.01,60.66,58.93,64.62,34.2,48.79,15.52,74.18,4.32,86.17,80.51,26.87,23.8,650.0,,60.43,37.8,12.39,36.09,17.94,37.45,90.69,27.85,852.0,,68.2,90.49,80.61,26.89,,23.9,6.85,10601.0,1.21,91.94,8.47,51.21,80.04,57428.0,47.18,22.56,2.99,11.24,101051.243,58.07,32.0,54702.018,57.56,44.0,74.28,56.05,,4.13,5963.0,761.0,196016.0,138588.0,20.67
Montfoort,,,,6.73,9.66,2.47,46.87,27.44,13.53,38.67,52.72,45.12,70.91,25.0,73.33,19.47,47.73,48.12,52.63,34.8,45.89,9.4,70.39,12.21,72.13,74.53,21.87,19.97,489.0,,45.89,35.1,6.35,31.5,16.68,39.83,87.37,18.17,1120.0,,57.44,88.22,79.13,17.87,,24.0,5.96,13935.0,1.3,89.9,6.99,43.52,75.75,33893.0,46.37,21.68,3.78,12.44,99025.695,55.54,31.7,51589.435,53.86,42.9,73.23,53.89,,4.02,3640.0,812.0,424345.0,390452.0,18.01
Mook en Middelaar,,,,6.5,7.5,1.03,58.0,38.94,14.86,35.44,62.83,53.88,85.61,24.0,83.7,20.16,59.94,58.86,60.74,43.5,52.59,14.71,85.56,7.21,84.21,85.59,19.88,18.62,713.0,,62.01,45.4,7.87,31.32,19.31,41.95,91.14,27.17,927.0,,66.35,88.65,62.31,27.5,,23.1,6.76,15226.0,,92.7,11.08,57.57,73.9,37996.0,47.03,22.64,,11.67,118517.47,56.9,31.6,54948.567,57.68,49.7,69.4,54.86,,5.68,4990.0,678.0,113258.0,75262.0,24.86
Nederweert,,,,9.56,10.02,1.44,55.12,23.91,16.35,47.24,58.27,53.39,81.9,28.0,79.1,20.99,54.93,56.75,58.56,52.6,53.31,9.98,82.3,15.14,81.06,80.71,25.82,22.67,641.0,,46.28,51.2,6.61,25.07,19.62,47.15,86.49,18.62,915.0,,57.91,86.44,79.19,17.42,,24.5,4.73,12048.0,2.26,91.94,9.25,49.68,81.29,39602.0,49.89,20.91,4.04,15.38,94598.259,54.85,32.2,49591.286,53.28,53.9,78.18,61.72,,2.9,5634.0,907.0,110662.0,71060.0,16.34
Noord-Beveland,,,,8.92,8.16,1.03,47.72,18.6,22.81,54.88,57.05,39.34,68.53,22.0,71.49,15.27,44.66,50.2,58.42,35.9,39.47,10.36,72.11,10.76,75.57,75.1,12.21,14.62,577.0,,40.85,39.3,3.55,21.46,21.25,50.07,84.51,13.52,781.0,,44.92,82.74,68.27,12.18,,22.3,9.46,16651.0,,89.19,9.8,44.59,79.45,44695.0,48.31,20.89,4.66,18.22,93730.782,51.23,30.9,50761.001,53.24,48.8,73.73,55.41,,8.45,10737.0,913.0,161298.0,116603.0,16.55
Noordenveld,,,,6.15,10.43,1.25,51.45,24.9,22.51,49.12,58.6,50.17,76.31,23.0,78.13,20.23,48.17,51.6,57.74,41.8,49.34,7.63,76.32,15.56,74.91,78.39,19.34,20.32,661.0,,45.22,45.7,2.01,23.1,23.54,50.63,87.42,20.7,896.0,0.61,59.79,86.51,58.96,18.85,,22.5,8.39,13457.0,1.62,87.9,6.41,52.07,74.82,31076.0,47.03,20.97,4.09,16.77,90034.001,51.32,31.0,47802.624,51.16,48.4,71.61,55.9,2.28,5.75,3610.0,1005.0,80796.0,49719.0,21.09
Noordwijk,,,,6.91,9.14,4.35,52.38,32.8,15.99,39.64,60.39,50.81,76.1,25.0,79.23,21.77,53.19,51.92,59.51,33.6,49.32,13.6,75.1,9.04,82.21,78.75,26.15,21.38,649.0,,57.23,36.0,3.29,34.86,13.89,37.56,89.09,25.2,816.0,0.49,60.77,85.68,79.0,23.0,,24.2,8.62,12521.0,2.01,89.78,8.39,46.35,76.3,56469.0,49.32,21.51,3.48,14.09,98195.632,55.41,32.2,51859.796,54.98,43.0,73.99,57.76,0.91,5.06,7048.0,912.0,171647.0,115178.0,17.66
"Nuenen, Gerwen en Nederwetten",,,,7.79,9.61,2.64,54.64,42.46,11.92,29.57,59.35,48.76,75.48,24.0,77.6,23.65,55.74,55.83,59.95,41.0,49.47,10.92,76.66,5.3,83.03,79.03,20.97,24.47,550.0,,59.64,44.0,10.29,36.22,19.02,39.79,92.27,25.51,769.0,0.98,67.74,88.42,68.42,26.37,,23.2,6.6,14814.0,1.45,88.03,10.01,57.36,74.87,43711.0,51.2,22.91,3.86,13.08,101570.415,56.93,31.6,53978.896,55.85,53.8,72.78,60.26,2.18,4.86,6612.0,935.0,122495.0,78785.0,24.37
Oirschot,,,,8.51,9.87,1.4,48.39,26.77,11.82,40.28,57.47,47.99,74.64,24.0,76.08,18.94,39.38,47.8,57.5,44.0,47.33,8.79,74.67,16.91,73.36,77.36,12.74,17.98,573.0,,40.23,47.0,2.54,29.27,15.31,40.9,85.89,15.86,1001.0,,55.35,90.95,81.83,13.73,,24.7,5.54,10815.0,2.22,91.63,7.56,45.56,83.83,66206.0,51.51,20.55,3.17,13.76,97352.166,55.22,31.6,48616.133,52.28,52.1,74.42,60.58,1.01,4.44,5179.0,1029.0,179929.0,113723.0,14.92
Oisterwijk,,,,6.65,12.54,2.29,46.47,34.08,15.37,37.5,50.19,45.6,65.01,28.0,74.23,17.12,50.38,47.22,50.4,75.1,46.05,18.28,65.02,10.23,79.71,74.82,21.52,17.46,671.0,,50.6,43.9,3.83,31.08,17.29,41.39,89.66,22.6,1060.0,0.78,59.9,86.93,73.18,20.79,,23.8,7.81,13366.0,2.24,88.86,9.99,51.91,73.07,43526.0,51.91,21.54,4.68,16.17,98539.686,55.41,31.7,51059.736,54.24,48.6,74.33,59.42,1.88,5.51,7814.0,1015.0,144443.0,100917.0,20.84
Oldenzaal,,,,7.66,9.14,5.08,55.07,25.59,19.78,45.8,62.76,53.34,74.09,26.0,77.63,24.04,50.33,55.84,62.11,44.2,53.08,6.1,74.85,19.34,68.91,78.06,21.17,24.39,665.0,,46.66,45.9,3.38,22.27,19.22,47.97,85.85,20.52,1072.0,1.02,60.58,86.52,71.4,17.38,0.67,22.8,5.3,13293.0,2.19,86.24,4.08,50.24,69.98,26811.0,48.9,21.05,6.2,20.28,90666.788,51.52,31.2,47812.638,51.04,53.8,70.75,56.33,1.46,4.2,2760.0,937.0,87077.0,60265.0,19.73
Olst-Wijhe,,,,7.71,8.75,1.63,47.57,17.54,20.05,52.84,55.59,42.56,68.55,19.0,74.34,18.55,43.39,50.0,55.52,37.4,43.1,9.27,68.56,18.54,71.03,74.22,15.03,20.96,877.0,,42.46,39.6,3.51,20.82,20.19,51.64,86.69,15.25,1004.0,1.28,54.55,87.37,74.05,16.41,,23.3,5.82,11657.0,2.25,89.38,7.25,47.29,73.91,37559.0,49.44,20.57,4.38,16.0,90435.804,52.28,31.1,47849.593,51.35,49.0,74.41,53.42,1.43,4.6,5400.0,799.0,118558.0,80999.0,16.14
Ooststellingwerf,,,,7.18,8.74,0.89,45.78,13.78,26.43,62.21,52.38,43.63,67.11,20.0,69.76,17.32,43.26,45.88,52.53,34.5,42.91,11.99,66.21,11.18,67.3,69.78,17.06,17.27,565.0,,45.01,38.2,1.36,16.15,25.26,58.19,85.2,19.76,856.0,1.17,51.3,83.55,62.87,14.74,0.95,22.7,8.29,15326.0,1.96,86.95,4.77,39.03,71.33,24247.0,48.76,19.04,7.03,25.08,81171.409,45.52,30.9,42897.98,46.49,50.5,70.29,62.01,2.81,6.27,2623.0,1009.0,62192.0,37945.0,13.45
Oostzaan,,,,6.38,8.32,5.72,38.98,35.08,13.13,37.0,44.7,37.21,71.2,23.0,68.69,12.16,53.51,38.73,43.16,32.2,35.56,20.95,70.21,2.92,76.88,68.17,18.18,12.2,796.0,,50.08,34.6,24.16,20.92,30.52,54.56,87.85,20.13,976.0,,53.95,86.47,87.28,18.2,,24.5,8.16,11083.0,5.79,86.84,7.37,47.63,66.49,47455.0,50.79,21.31,3.55,15.16,94330.231,53.65,31.2,48755.771,51.79,42.0,71.29,56.84,,6.32,4722.0,1112.0,123474.0,76019.0,14.47
Opmeer,,,,7.62,8.68,1.14,49.04,17.93,14.99,49.05,52.24,46.61,73.86,25.0,76.39,20.76,39.83,48.59,51.92,39.9,46.73,5.64,73.36,20.86,67.41,76.36,15.52,20.64,629.0,,39.84,41.9,5.85,22.08,19.17,47.59,85.51,13.71,889.0,,52.47,87.89,82.29,12.76,,24.1,4.54,10575.0,2.09,90.58,7.5,47.64,82.86,51406.0,46.07,21.26,2.32,14.53,95514.243,55.43,30.9,49754.804,53.17,47.5,73.47,49.56,,3.66,4025.0,626.0,147029.0,95622.0,15.53
Ouder-Amstel,,,,5.88,8.36,9.07,60.98,53.25,15.13,28.16,64.64,49.32,80.45,27.0,81.01,22.67,70.78,63.79,64.18,34.9,51.34,18.03,80.65,2.0,88.25,82.9,35.54,25.12,725.0,,71.72,36.9,18.0,42.91,22.3,37.37,93.45,38.62,890.0,,73.4,90.48,70.8,36.11,,24.1,7.85,22627.0,2.01,89.78,10.77,57.12,63.77,71804.0,50.36,22.22,3.93,15.7,99601.52,55.28,32.7,53572.274,56.5,43.5,72.06,53.1,,5.47,10911.0,1021.0,142855.0,71052.0,29.93
Oudewater,,,,7.5,5.84,1.76,47.35,22.99,17.68,46.23,57.49,47.28,71.58,26.0,75.33,17.52,53.17,48.09,58.08,36.2,46.58,10.79,71.78,9.66,75.05,75.06,20.57,17.98,691.0,,45.82,37.1,6.3,31.05,16.9,40.27,88.24,16.87,1139.0,,56.25,90.26,78.63,15.26,,24.2,4.67,15679.0,,91.02,9.69,45.24,80.51,47722.0,47.22,22.01,3.39,13.35,98951.156,57.24,31.2,52223.95,54.51,45.2,76.92,53.86,,3.95,7394.0,956.0,163195.0,115473.0,15.26
Pekela,,,,9.95,12.75,2.45,42.93,6.97,41.1,70.57,50.87,40.71,62.67,21.0,71.69,15.82,35.01,43.33,49.71,41.5,39.71,9.62,61.43,21.15,65.68,70.24,12.59,16.19,812.0,,23.99,44.1,2.25,9.89,36.46,67.18,75.86,7.33,1175.0,2.5,29.9,72.29,67.78,7.09,,23.3,7.49,15529.0,3.82,80.32,2.5,29.81,69.67,9001.0,53.6,19.89,7.27,23.27,74379.546,40.92,29.8,38800.654,41.82,50.5,69.09,65.79,6.02,6.17,1697.0,1703.0,44725.0,35724.0,9.25
Renkum,,,,8.09,10.14,3.27,52.49,42.73,16.61,32.43,56.49,46.38,76.24,26.0,77.82,21.48,57.74,53.52,55.24,72.5,45.94,16.84,75.91,5.96,82.72,78.74,29.42,21.66,622.0,1.68,59.71,76.5,7.04,36.75,19.7,38.97,90.93,30.93,955.0,1.46,62.93,82.94,54.4,27.61,,22.3,9.85,13593.0,2.14,83.71,7.24,50.13,64.85,31765.0,52.55,21.79,4.48,19.09,92271.191,51.01,31.5,49184.011,51.35,55.1,69.21,59.18,2.35,6.77,4823.0,947.0,73173.0,41408.0,23.73
Renswoude,,,,6.06,6.06,1.21,46.33,19.37,21.04,53.71,49.96,46.76,74.69,27.0,71.4,20.0,43.51,45.51,50.42,23.3,47.08,10.3,75.83,17.61,73.38,73.42,16.23,18.6,566.0,,41.95,33.8,4.22,20.24,21.63,52.08,90.24,17.68,947.0,,40.94,87.5,85.31,9.38,,24.2,3.44,5535.0,,90.38,6.19,35.05,85.17,66932.0,46.05,20.1,6.73,17.49,98001.015,53.84,30.7,48849.863,51.09,43.7,73.99,54.64,,,7960.0,772.0,262269.0,195338.0,13.06
Reusel-De Mierden,,,,6.42,10.03,1.42,50.53,18.65,19.18,51.28,57.41,48.51,71.64,22.0,75.53,21.36,47.01,51.53,55.95,42.4,48.57,9.94,72.38,21.99,73.69,76.34,16.79,21.37,578.0,,39.35,45.1,1.23,22.09,17.8,47.65,86.27,14.97,955.0,,51.46,90.52,83.96,14.78,,25.0,4.35,10287.0,1.41,93.65,10.71,39.06,81.68,69310.0,48.24,20.34,5.08,17.09,93659.867,53.63,31.5,50545.185,54.51,57.8,74.72,61.06,,3.06,7167.0,1466.0,200890.0,131580.0,12.24
Roerdalen,,,,5.56,10.59,3.1,51.37,19.53,24.56,52.91,59.68,50.63,68.92,24.0,77.29,22.25,44.21,51.56,57.87,43.7,48.69,8.74,66.29,16.44,77.68,76.3,15.16,22.52,1011.0,,41.02,45.7,9.81,21.9,25.9,53.39,85.92,19.85,1094.0,1.6,53.52,84.11,73.97,19.18,,23.6,7.22,10034.0,3.17,90.05,8.45,51.94,76.87,41395.0,52.55,21.36,5.8,15.87,95439.918,54.55,32.1,52042.049,54.84,58.3,75.69,60.04,1.32,4.49,6716.0,1371.0,111527.0,70132.0,19.72
Rucphen,,,,6.82,12.8,2.31,50.21,17.01,23.31,55.89,59.17,49.04,69.84,25.0,75.08,19.22,45.87,50.77,57.49,55.0,48.5,8.33,68.73,15.28,73.09,75.85,18.35,19.23,1262.0,,42.77,45.4,7.28,21.71,22.64,51.93,84.72,14.83,1040.0,1.38,44.0,80.75,85.08,11.08,,24.8,6.57,8380.0,2.67,89.33,10.67,35.52,77.79,68599.0,49.62,19.94,5.03,19.77,90330.548,52.37,31.1,45615.985,48.83,52.3,75.56,64.95,2.0,5.33,11035.0,1131.0,145402.0,76803.0,10.76
Simpelveld,,,,5.78,9.25,1.96,49.36,25.76,21.0,48.31,60.58,51.64,74.47,26.0,75.42,22.09,47.35,49.72,61.32,45.1,51.92,11.52,72.82,15.17,77.44,76.12,20.33,23.31,660.0,,47.46,48.0,6.16,21.29,26.74,53.91,87.14,17.93,1290.0,,54.12,79.73,71.13,16.84,,23.7,9.68,12465.0,4.3,86.38,6.27,45.34,73.22,36013.0,51.43,20.39,6.98,22.62,90008.873,51.46,32.1,47399.364,50.87,56.5,73.78,65.05,,6.99,3607.0,986.0,108181.0,72168.0,17.38
Sluis,,,,4.57,10.14,2.63,42.83,22.9,24.26,53.71,50.39,42.14,71.36,16.0,69.39,14.96,40.56,44.61,50.73,40.7,41.61,13.27,71.35,11.61,72.62,70.36,12.59,14.97,529.0,,40.61,42.6,3.36,25.16,22.16,51.47,81.12,13.66,855.0,1.07,50.13,77.21,66.07,13.97,,22.5,6.78,9216.0,2.2,89.28,11.46,45.37,79.72,43737.0,42.25,21.11,3.67,18.35,91030.669,52.35,31.6,49926.413,53.51,53.3,72.59,55.91,1.01,4.4,7923.0,858.0,134242.0,90505.0,18.7
Someren,,,,7.41,9.3,0.72,47.63,20.54,17.65,53.37,53.48,45.26,62.6,24.0,71.3,18.53,40.24,49.46,54.68,49.6,44.48,7.07,64.72,19.73,66.27,73.37,14.21,19.29,703.0,,42.86,50.6,2.01,23.97,18.45,49.86,83.61,17.22,1255.0,,53.91,85.49,80.78,15.71,,24.1,3.94,12071.0,1.63,90.48,9.62,42.88,81.14,61515.0,46.92,20.88,4.51,14.24,93670.896,53.37,31.6,49921.11,52.85,56.3,76.74,54.9,1.92,3.46,6251.0,887.0,163743.0,102228.0,14.13
Son en Breugel,,,,7.94,10.94,3.1,57.37,35.88,14.71,37.09,62.65,53.12,77.03,26.0,81.41,25.36,57.22,58.23,62.54,40.5,53.17,9.77,77.62,8.87,82.25,82.9,20.43,25.58,720.0,,55.57,42.7,12.9,32.53,21.24,42.74,91.5,23.73,1036.0,,64.09,86.71,71.44,24.22,,22.8,7.06,15083.0,1.87,88.76,7.35,57.93,72.88,38060.0,51.15,23.08,3.89,12.74,100104.411,56.47,32.3,53408.008,56.11,51.1,73.98,60.37,1.59,6.05,5449.0,1005.0,106206.0,68145.0,27.52
Stede Broec,,,,6.58,9.2,3.27,39.26,15.03,21.85,54.8,51.35,38.0,58.16,23.0,66.55,14.34,35.17,39.92,51.91,81.5,37.57,8.74,58.06,12.84,62.64,66.89,14.57,14.58,542.0,1.64,39.93,35.3,2.64,18.78,19.29,51.73,82.58,16.68,1143.0,1.52,45.8,82.16,74.17,14.19,0.96,23.7,6.51,10818.0,3.14,88.03,4.86,40.76,76.56,37973.0,48.32,20.52,5.15,17.76,94354.498,52.33,31.8,48451.623,51.8,45.9,75.62,53.78,1.65,4.94,2236.0,1099.0,118798.0,80825.0,14.29
Steenbergen,,,,6.06,10.89,1.75,43.71,22.73,19.15,46.74,56.42,42.19,66.71,24.0,71.58,18.6,43.02,45.2,56.27,40.9,43.45,9.27,67.69,12.24,73.8,72.54,16.13,19.7,686.0,,40.13,42.1,8.33,24.66,21.19,46.44,85.63,16.37,900.0,,48.3,83.47,75.56,14.0,,23.5,6.65,11647.0,2.83,90.27,5.99,38.15,80.5,32331.0,52.62,20.71,4.97,18.67,91417.397,53.14,31.8,48531.764,52.03,50.6,73.49,63.51,1.16,4.57,4211.0,1129.0,101742.0,69412.0,13.13
Stein,,,,7.03,11.4,2.99,56.28,23.83,17.57,44.37,61.51,53.47,79.3,26.0,80.32,24.4,50.22,56.94,62.52,42.1,52.93,7.99,78.4,20.6,71.86,80.9,22.65,25.23,644.0,,44.32,45.5,2.81,26.56,18.13,44.28,76.88,21.27,915.0,1.15,54.09,78.06,74.73,16.73,,24.1,8.93,11690.0,4.23,86.29,5.64,45.69,76.09,27230.0,51.33,20.67,5.1,19.71,87585.127,50.05,32.2,47728.937,50.92,56.6,73.27,62.38,2.19,6.82,2586.0,1194.0,64542.0,37312.0,16.85
Terneuzen,,,,6.31,13.44,6.49,47.46,20.34,24.58,50.59,58.91,44.43,67.77,23.0,74.43,19.65,45.65,47.59,58.07,34.2,43.27,11.86,67.85,11.46,74.04,74.77,18.26,19.84,687.0,1.12,40.67,37.0,6.26,22.82,22.63,49.24,84.35,14.07,1042.0,1.65,46.18,79.69,63.62,12.78,0.54,22.1,8.43,12335.0,2.65,87.56,4.71,40.58,77.46,28094.0,49.12,20.78,4.93,18.78,90991.493,51.82,31.4,48367.77,51.64,47.2,74.66,58.98,1.88,5.37,3083.0,1413.0,113689.0,85595.0,14.35
Terschelling,,,,3.81,7.27,0.06,55.81,24.21,19.41,51.34,65.67,47.41,74.92,12.0,77.79,17.65,49.13,58.82,66.13,32.3,48.39,10.0,76.61,12.35,79.19,79.41,17.34,17.65,590.0,,45.61,35.9,1.7,18.48,22.2,52.32,90.38,15.9,1305.0,,47.89,80.84,46.74,13.41,,22.2,10.16,10011.0,,83.96,10.16,40.64,63.39,56816.0,51.87,19.37,,27.69,83322.982,47.03,30.8,47851.745,46.74,52.8,70.0,62.57,,5.35,5073.0,933.0,127147.0,70331.0,9.63
Texel,,,,9.78,9.78,1.47,48.03,13.2,26.25,61.07,54.2,43.58,76.21,23.0,76.56,16.05,48.39,47.55,53.81,35.6,43.0,10.66,77.89,16.63,75.9,77.61,15.56,15.78,752.0,,49.51,38.4,1.11,15.62,27.26,59.9,85.84,16.26,689.0,,45.75,82.46,51.53,15.03,,22.0,7.62,14522.0,1.8,90.03,7.06,40.72,70.56,50219.0,45.71,19.04,6.81,26.0,83316.56,47.0,30.5,43667.52,46.88,46.4,72.95,54.29,,5.26,3877.0,828.0,123611.0,73392.0,15.1
Uithoorn,,,,7.43,10.58,9.26,49.98,31.61,18.69,40.18,59.34,46.31,68.88,25.0,73.89,19.57,51.38,51.75,59.41,31.9,45.4,10.34,69.94,8.31,77.15,75.75,19.92,20.1,624.0,,54.33,34.0,8.19,35.5,18.03,37.45,87.78,25.56,870.0,0.81,60.45,85.15,78.74,22.75,,23.8,6.96,13488.0,2.93,87.36,6.78,44.23,67.44,48294.0,49.73,21.17,4.39,15.2,95160.758,54.13,32.2,51471.265,54.04,43.1,71.85,59.34,1.19,5.13,4046.0,1125.0,108032.0,59738.0,18.13
Vaals,,,,7.83,14.62,15.01,56.31,20.27,31.03,62.13,64.02,51.46,77.93,23.0,75.05,22.35,57.14,58.24,64.24,40.2,50.33,10.99,80.13,10.44,79.67,79.12,20.88,22.53,574.0,,48.86,43.8,4.26,23.28,24.6,51.14,79.8,21.17,571.0,,45.43,74.11,70.3,13.71,,23.4,7.86,9797.0,3.14,85.22,4.4,44.65,67.94,38180.0,49.37,21.08,8.2,21.72,84199.358,47.48,31.8,46181.899,49.23,54.6,67.62,58.18,3.14,6.6,3796.0,891.0,96573.0,58393.0,15.41
Valkenburg aan de Geul,,,,6.73,8.65,2.61,51.55,28.43,18.23,41.07,57.97,48.77,73.94,25.0,79.66,20.2,52.65,50.0,56.06,43.6,46.97,12.84,75.51,8.07,83.06,78.93,22.65,18.8,1239.0,,56.6,44.8,2.82,29.97,19.82,42.58,89.15,22.88,1057.0,1.54,63.43,85.73,68.35,25.78,,23.3,6.74,11705.0,3.89,86.51,4.93,47.21,69.87,30059.0,54.73,20.37,7.73,22.2,87756.422,49.64,31.5,46872.039,49.93,53.5,70.89,61.87,2.2,4.67,1894.0,1058.0,77323.0,47264.0,21.01
Voerendaal,,,,6.74,10.93,2.12,52.29,25.98,20.79,44.14,60.93,50.93,69.14,27.0,76.4,19.06,51.3,52.97,61.21,42.7,49.7,11.88,69.09,10.69,82.27,77.2,20.09,19.0,603.0,,54.67,47.5,6.48,23.37,25.87,51.03,90.96,23.58,874.0,,60.26,84.94,70.88,22.53,,23.3,7.35,13646.0,2.59,89.77,8.65,59.65,72.12,31332.0,51.87,21.87,3.39,14.07,97778.265,55.54,32.4,54168.672,57.16,58.6,73.9,59.22,,6.34,8435.0,1073.0,105638.0,74306.0,25.22
Voorschoten,,,,5.82,9.43,7.03,59.58,48.98,13.44,29.01,65.66,54.55,80.66,27.0,82.0,27.14,66.19,61.37,64.92,38.2,54.57,15.29,81.29,3.43,87.92,83.55,37.96,28.65,840.0,,65.33,37.1,9.49,41.24,18.11,35.56,91.79,37.72,1054.0,,68.55,86.29,70.19,35.54,,23.0,9.01,14379.0,2.03,88.96,9.54,57.86,66.16,48495.0,49.65,23.45,4.41,13.33,101239.536,56.01,31.9,55308.944,57.06,43.5,69.89,58.66,2.03,6.54,5407.0,908.0,106173.0,57678.0,30.48
Voorst,,,,6.54,8.19,1.97,47.29,25.9,17.04,46.07,55.68,45.91,69.66,24.0,73.95,17.07,44.66,47.15,53.19,33.4,43.16,12.41,69.88,11.56,76.28,74.74,17.97,16.28,587.0,,41.98,40.2,4.74,24.85,19.86,47.28,87.86,18.74,1237.0,,51.21,82.82,70.35,16.17,,23.3,6.24,12915.0,2.36,88.44,7.35,42.61,75.32,43568.0,49.64,20.41,4.45,18.11,91111.577,51.36,31.0,48969.407,50.3,46.4,75.77,58.57,1.58,4.33,6484.0,1032.0,108543.0,64975.0,12.28
Waalre,,,,7.81,11.28,4.17,54.02,44.91,11.55,28.99,58.82,50.81,73.02,26.0,75.76,24.2,57.26,55.52,60.1,37.0,50.86,15.83,73.29,6.58,85.48,76.78,26.3,24.76,605.0,,58.59,45.3,6.22,36.95,15.88,37.33,90.78,28.16,744.0,,71.03,88.13,63.46,30.47,,22.7,7.86,29360.0,1.68,88.92,9.15,62.11,74.21,47281.0,52.58,23.72,2.48,13.64,109401.656,58.27,32.3,56215.488,57.48,50.4,72.56,57.86,1.93,6.31,10545.0,1000.0,376747.0,329467.0,29.77
Waterland,,,,6.35,8.58,1.38,55.29,43.94,12.52,27.74,59.96,50.85,75.42,22.0,78.01,24.12,57.6,53.6,58.37,33.7,48.78,16.5,75.12,5.5,82.73,77.29,28.99,22.57,795.0,,60.58,36.1,12.72,30.05,21.73,43.81,89.52,31.64,828.0,,61.33,87.14,80.61,24.69,,24.3,7.36,11639.0,1.81,91.04,10.45,48.29,74.86,54467.0,48.83,21.68,3.65,12.5,98119.289,54.68,32.2,51413.383,55.42,45.4,75.65,57.25,,4.26,9164.0,741.0,277954.0,223487.0,17.48
West Maas en Waal,,,,7.41,10.08,0.99,46.54,23.1,19.17,47.43,55.78,39.87,69.3,24.0,72.6,14.78,48.99,46.82,54.93,43.9,38.73,12.01,69.19,8.46,74.63,72.26,18.22,14.88,646.0,,46.07,48.1,5.62,23.96,19.54,46.92,87.09,19.19,1440.0,,54.41,86.95,73.14,16.53,,23.9,6.81,11014.0,2.2,91.19,7.61,43.14,79.2,42771.0,47.05,20.7,4.67,15.67,92295.158,53.98,31.1,47937.798,52.83,51.5,78.59,53.95,,4.2,6124.0,888.0,134591.0,91820.0,13.51
Westerveld,,,,5.57,8.93,1.08,43.17,21.1,20.17,48.98,48.33,41.4,57.28,21.0,72.92,16.26,48.95,44.96,47.98,57.9,41.28,15.27,57.48,11.42,70.95,73.87,18.42,16.18,543.0,,46.01,60.5,2.03,21.53,22.46,50.63,87.33,18.23,883.0,,55.01,87.52,62.75,15.85,,22.9,6.26,11263.0,1.67,88.1,6.58,42.07,74.68,38615.0,48.64,19.61,5.96,21.37,84601.079,47.14,30.2,45103.003,47.43,53.5,70.73,57.83,1.57,4.07,3768.0,1073.0,89188.0,50573.0,12.73
Westervoort,,,,6.92,9.85,7.18,44.93,16.17,29.46,55.73,53.97,39.02,68.3,24.0,69.13,16.64,40.2,45.95,53.42,33.5,37.21,11.66,67.81,13.78,67.11,69.19,14.95,17.78,762.0,1.64,41.27,35.7,8.06,23.66,25.04,50.44,83.73,14.95,1473.0,1.73,48.15,78.99,71.28,14.57,,23.5,7.59,15076.0,2.85,86.63,3.11,43.23,69.09,20804.0,53.75,20.33,4.6,18.51,84848.563,48.47,31.7,46450.366,50.18,46.6,74.69,60.48,2.33,5.61,1972.0,1037.0,53204.0,32400.0,13.2
Wierden,,,,5.67,9.12,1.54,53.26,21.95,16.95,47.62,64.6,48.51,75.19,23.0,78.4,20.71,49.05,54.95,64.44,34.3,48.56,7.04,74.89,17.15,75.04,79.93,18.65,21.21,782.0,,45.08,36.2,4.83,18.65,21.96,53.47,87.61,16.13,864.0,0.79,59.39,89.61,79.43,16.18,,24.3,4.32,10604.0,1.01,92.84,8.99,50.74,80.62,49376.0,48.92,21.34,4.25,15.16,97455.373,56.57,31.6,50154.801,53.76,46.4,74.45,57.03,,2.77,6247.0,700.0,152714.0,103338.0,18.85
Wijdemeren,,,,6.29,9.56,2.38,55.67,36.99,14.08,34.2,64.31,54.07,72.08,23.0,79.41,25.58,56.55,55.57,63.43,33.0,52.3,15.18,70.84,8.1,84.1,79.98,25.72,25.54,853.0,,56.54,35.2,7.99,40.87,19.09,36.97,90.48,24.63,937.0,,63.07,89.14,72.04,23.97,,23.8,8.47,15165.0,2.92,88.32,7.98,48.98,76.7,55710.0,48.59,22.19,4.56,14.51,99878.005,55.48,31.5,53623.806,55.81,42.5,72.42,55.01,1.75,5.94,5053.0,807.0,138613.0,82903.0,22.88
Wijk bij Duurstede,,,,5.58,10.4,3.54,48.22,26.8,15.72,42.76,59.34,45.73,71.23,24.0,74.39,20.21,47.32,49.34,59.14,35.2,44.79,10.41,71.78,11.32,77.92,74.82,18.93,20.32,893.0,,45.52,36.2,5.49,31.48,17.7,40.57,90.86,17.39,940.0,1.46,55.71,85.19,71.23,17.99,,23.4,7.49,11229.0,2.47,89.91,5.33,44.04,72.07,35672.0,47.46,21.39,4.21,15.43,95015.364,53.4,31.5,50795.839,53.76,44.5,72.31,57.11,1.08,5.39,4740.0,751.0,105783.0,70111.0,16.37
Woensdrecht,,,,8.36,11.76,3.41,47.03,25.02,19.48,42.56,57.04,43.95,71.13,25.0,73.72,18.26,42.6,47.33,57.53,41.2,43.15,9.83,69.52,9.69,79.47,73.46,11.73,17.98,640.0,,43.03,41.4,9.31,24.45,20.89,46.11,85.96,18.47,865.0,,46.8,79.32,77.78,12.25,,23.8,7.37,9590.0,2.39,91.18,5.39,43.36,80.74,39837.0,50.0,21.18,3.09,15.35,93358.428,54.06,32.2,50182.883,53.92,51.9,75.5,59.96,1.35,5.08,2585.0,956.0,107724.0,67887.0,13.9
Wormerland,,,,5.59,11.9,3.94,38.5,27.76,17.01,39.91,43.45,33.12,65.65,26.0,64.63,11.35,47.72,39.0,43.17,34.1,32.08,18.48,65.54,6.32,69.92,66.18,17.32,11.49,811.0,,47.43,36.1,8.17,29.26,17.85,41.26,86.96,18.68,1187.0,,49.03,85.19,85.38,15.3,,24.2,7.91,13146.0,2.08,89.04,5.83,41.05,77.61,41487.0,50.9,21.16,3.15,15.4,95323.096,54.55,31.8,50858.933,54.15,44.2,71.85,60.06,,5.13,3191.0,979.0,102901.0,61414.0,13.59
Woudenberg,,,,5.23,7.78,2.67,51.76,25.66,19.86,46.2,64.66,46.48,72.27,26.0,74.88,20.75,51.42,51.61,63.15,32.2,44.72,13.0,73.03,13.9,75.46,75.45,18.86,20.79,800.0,,49.57,35.1,3.83,27.71,19.23,45.38,88.73,19.31,757.0,,56.18,89.2,76.59,16.69,,23.7,5.61,13479.0,,90.25,5.91,44.02,79.67,49826.0,45.94,21.78,3.64,14.75,94645.72,55.19,31.4,51291.883,53.48,43.7,71.4,50.52,,3.84,3161.0,949.0,105104.0,55278.0,15.51
Zandvoort,,,,5.49,11.07,7.12,53.76,35.39,22.89,43.22,55.93,49.22,82.73,24.0,80.32,24.35,57.22,54.07,57.21,35.4,48.97,13.85,83.52,7.91,86.97,79.56,27.82,23.08,764.0,,54.86,38.5,8.65,42.71,19.21,36.42,92.13,23.75,1123.0,,51.8,79.97,77.04,19.36,,23.9,7.84,10789.0,2.99,85.26,7.09,44.78,65.91,75406.0,50.0,21.41,5.08,18.94,93688.25,51.28,30.7,48643.492,50.75,43.7,65.36,60.63,2.05,5.04,5128.0,1025.0,265620.0,190214.0,20.71
Zoeterwoude,,,,6.18,7.26,3.69,50.11,32.15,14.14,36.2,56.84,48.57,69.94,23.0,73.86,19.89,54.09,50.48,55.56,34.2,47.62,18.91,69.44,7.37,80.5,75.24,21.7,19.05,600.0,,53.14,38.9,10.81,34.17,20.78,40.68,90.39,25.69,758.0,,53.27,85.42,75.89,20.93,,23.8,6.53,11137.0,,91.63,6.53,47.14,77.96,53307.0,48.98,21.72,3.11,16.03,96700.583,55.55,31.7,51480.954,55.15,45.9,78.95,54.29,,3.88,4317.0,952.0,115476.0,62169.0,22.65
Zundert,,,,8.43,11.82,3.49,47.59,25.17,19.97,47.64,58.95,49.45,68.45,27.0,76.9,18.39,42.92,48.06,57.88,44.9,49.23,8.26,68.65,12.77,74.55,77.45,17.32,18.66,617.0,,43.9,43.7,6.25,27.97,19.77,45.46,87.79,14.73,1159.0,,54.28,88.12,81.15,15.59,,24.4,5.88,10777.0,2.03,91.19,14.18,46.2,82.05,66146.0,49.04,21.21,3.2,13.78,97079.668,56.28,32.4,51228.902,55.47,52.5,79.83,58.66,,4.26,15195.0,1449.0,217583.0,151437.0,14.89
Rozendaal,,,,,12.94,2.55,81.29,68.61,8.39,18.97,80.97,80.77,90.34,24.0,94.5,49.41,85.88,83.33,82.43,45.7,86.49,,,,,,57.65,54.76,555.0,,79.17,53.1,7.88,41.06,17.46,35.41,,40.63,1099.0,,80.39,,52.94,47.06,,21.5,,27178.0,,,26.92,50.0,78.43,29850.0,46.15,22.69,,19.57,95642.276,51.61,31.1,53077.474,55.74,53.6,54.35,44.23,,,16600.0,1015.0,226090.0,196241.0,34.62
Vlieland,,,,,,,,,,,,,,,,,,,,,,,,,,,,,,,47.62,34.3,1.69,19.35,23.92,56.07,,22.22,780.0,,49.21,82.54,36.51,,,21.6,,12706.0,,,,32.76,61.4,23814.0,58.62,19.84,,23.4,80584.27,43.75,33.0,47547.711,45.68,47.0,61.7,65.52,,,9243.0,1267.0,52065.0,28252.0,
Schiermonnikoog,,,,,,,,,,,,,,,,,,,,,,,,,,,,,,,,,,,,,,,,,52.54,,35.59,,,,,,,,,,,,,,,,,,,,,,,,,,,,,,
